test_name,b_bp,r_bp,txn_id,op_type,bank,latency_ns
mem_full_test,0,0,1,WR,1,40.00
mem_full_test,0,0,3,WR,2,40.00
mem_full_test,0,0,5,WR,2,40.00
mem_full_test,0,0,7,WR,3,40.00
mem_full_test,0,0,9,WR,2,40.00
mem_full_test,0,0,11,WR,1,40.00
mem_full_test,0,0,13,WR,3,40.00
mem_full_test,0,0,15,WR,0,40.00
mem_full_test,0,0,17,WR,2,40.00
mem_full_test,0,0,19,WR,2,50.00
mem_full_test,0,0,21,WR,0,40.00
mem_full_test,0,0,23,WR,2,40.00
mem_full_test,0,0,25,WR,1,40.00
mem_full_test,0,0,27,WR,3,40.00
mem_full_test,0,0,29,WR,0,40.00
mem_full_test,0,0,31,WR,1,40.00
mem_full_test,0,0,33,WR,2,40.00
mem_full_test,0,0,35,WR,2,40.00
mem_full_test,0,0,37,WR,2,40.00
mem_full_test,0,0,39,WR,2,40.00
mem_full_test,0,0,41,WR,3,40.00
mem_full_test,0,0,43,WR,2,40.00
mem_full_test,0,0,45,WR,0,40.00
mem_full_test,0,0,47,WR,0,40.00
mem_full_test,0,0,49,WR,3,40.00
mem_full_test,0,0,51,WR,3,40.00
mem_full_test,0,0,53,WR,1,40.00
mem_full_test,0,0,55,WR,0,40.00
mem_full_test,0,0,57,WR,0,40.00
mem_full_test,0,0,59,WR,2,40.00
mem_full_test,0,0,61,WR,1,40.00
mem_full_test,0,0,63,WR,2,40.00
mem_full_test,0,0,65,WR,3,40.00
mem_full_test,0,0,67,WR,3,40.00
mem_full_test,0,0,69,WR,1,40.00
mem_full_test,0,0,71,WR,3,40.00
mem_full_test,0,0,73,WR,2,40.00
mem_full_test,0,0,75,WR,2,50.00
mem_full_test,0,0,77,WR,0,40.00
mem_full_test,0,0,79,WR,0,40.00
mem_full_test,0,0,81,WR,1,40.00
mem_full_test,0,0,83,WR,1,40.00
mem_full_test,0,0,85,WR,1,40.00
mem_full_test,0,0,87,WR,1,40.00
mem_full_test,0,0,89,WR,1,40.00
mem_full_test,0,0,91,WR,0,40.00
mem_full_test,0,0,93,WR,0,40.00
mem_full_test,0,0,95,WR,3,40.00
mem_full_test,0,0,97,WR,2,40.00
mem_full_test,0,0,99,WR,1,40.00
mem_full_test,0,0,101,WR,3,40.00
mem_full_test,0,0,103,WR,0,40.00
mem_full_test,0,0,105,WR,1,40.00
mem_full_test,0,0,107,WR,1,40.00
mem_full_test,0,0,109,WR,3,40.00
mem_full_test,0,0,111,WR,3,40.00
mem_full_test,0,0,113,WR,0,40.00
mem_full_test,0,0,115,WR,2,40.00
mem_full_test,0,0,117,WR,2,40.00
mem_full_test,0,0,119,WR,3,40.00
mem_full_test,0,0,121,WR,2,40.00
mem_full_test,0,0,123,WR,3,40.00
mem_full_test,0,0,125,WR,3,40.00
mem_full_test,0,0,127,WR,3,40.00
mem_full_test,0,0,129,WR,3,40.00
mem_full_test,0,0,131,WR,2,40.00
mem_full_test,0,0,133,WR,2,50.00
mem_full_test,0,0,135,WR,3,40.00
mem_full_test,0,0,137,WR,1,40.00
mem_full_test,0,0,139,WR,3,40.00
mem_full_test,0,0,141,WR,1,40.00
mem_full_test,0,0,143,WR,2,40.00
mem_full_test,0,0,145,WR,3,40.00
mem_full_test,0,0,147,WR,0,40.00
mem_full_test,0,0,149,WR,0,40.00
mem_full_test,0,0,151,WR,3,40.00
mem_full_test,0,0,153,WR,3,40.00
mem_full_test,0,0,155,WR,0,40.00
mem_full_test,0,0,157,WR,2,40.00
mem_full_test,0,0,159,WR,0,40.00
mem_full_test,0,0,161,WR,1,40.00
mem_full_test,0,0,163,WR,2,40.00
mem_full_test,0,0,165,WR,2,50.00
mem_full_test,0,0,167,WR,0,40.00
mem_full_test,0,0,169,WR,1,40.00
mem_full_test,0,0,171,WR,1,40.00
mem_full_test,0,0,173,WR,0,40.00
mem_full_test,0,0,175,WR,2,40.00
mem_full_test,0,0,177,WR,0,40.00
mem_full_test,0,0,179,WR,0,40.00
mem_full_test,0,0,181,WR,2,40.00
mem_full_test,0,0,183,WR,1,40.00
mem_full_test,0,0,185,WR,1,40.00
mem_full_test,0,0,187,WR,3,40.00
mem_full_test,0,0,189,WR,3,40.00
mem_full_test,0,0,191,WR,3,40.00
mem_full_test,0,0,193,WR,0,40.00
mem_full_test,0,0,195,WR,3,40.00
mem_full_test,0,0,197,WR,2,40.00
mem_full_test,0,0,199,WR,1,40.00
mem_full_test,0,0,201,WR,1,40.00
mem_full_test,0,0,203,WR,2,40.00
mem_full_test,0,0,205,WR,2,40.00
mem_full_test,0,0,207,WR,1,40.00
mem_full_test,0,0,209,WR,1,40.00
mem_full_test,0,0,211,WR,2,40.00
mem_full_test,0,0,213,WR,2,40.00
mem_full_test,0,0,215,WR,1,40.00
mem_full_test,0,0,217,WR,2,40.00
mem_full_test,0,0,219,WR,0,40.00
mem_full_test,0,0,221,WR,3,40.00
mem_full_test,0,0,223,WR,2,40.00
mem_full_test,0,0,225,WR,3,40.00
mem_full_test,0,0,227,WR,1,40.00
mem_full_test,0,0,229,WR,1,40.00
mem_full_test,0,0,231,WR,1,40.00
mem_full_test,0,0,233,WR,3,40.00
mem_full_test,0,0,235,WR,2,40.00
mem_full_test,0,0,237,WR,3,40.00
mem_full_test,0,0,239,WR,1,40.00
mem_full_test,0,0,241,WR,3,40.00
mem_full_test,0,0,243,WR,3,40.00
mem_full_test,0,0,245,WR,1,40.00
mem_full_test,0,0,247,WR,0,40.00
mem_full_test,0,0,249,WR,1,40.00
mem_full_test,0,0,251,WR,0,40.00
mem_full_test,0,0,253,WR,2,40.00
mem_full_test,0,0,255,WR,3,40.00
mem_full_test,0,0,257,WR,3,40.00
mem_full_test,0,0,259,WR,0,40.00
mem_full_test,0,0,261,WR,2,40.00
mem_full_test,0,0,263,WR,1,40.00
mem_full_test,0,0,265,WR,0,40.00
mem_full_test,0,0,267,WR,2,40.00
mem_full_test,0,0,269,WR,3,40.00
mem_full_test,0,0,271,WR,2,40.00
mem_full_test,0,0,273,WR,0,40.00
mem_full_test,0,0,275,WR,0,40.00
mem_full_test,0,0,277,WR,0,40.00
mem_full_test,0,0,279,WR,0,50.00
mem_full_test,0,0,281,WR,0,40.00
mem_full_test,0,0,283,WR,0,50.00
mem_full_test,0,0,285,WR,0,40.00
mem_full_test,0,0,287,WR,0,50.00
mem_full_test,0,0,289,WR,0,50.00
mem_full_test,0,0,291,WR,0,40.00
mem_full_test,0,0,293,WR,0,40.00
mem_full_test,0,0,295,WR,0,40.00
mem_full_test,0,0,297,WR,0,40.00
mem_full_test,0,0,299,WR,0,40.00
mem_full_test,0,0,301,WR,0,40.00
mem_full_test,0,0,303,WR,0,40.00
mem_full_test,0,0,305,WR,0,50.00
mem_full_test,0,0,307,WR,0,50.00
mem_full_test,0,0,309,WR,0,60.00
mem_full_test,0,0,311,WR,0,40.00
mem_full_test,0,0,313,WR,0,40.00
mem_full_test,0,0,315,WR,0,40.00
mem_full_test,0,0,317,WR,0,50.00
mem_full_test,0,0,319,WR,0,40.00
mem_full_test,0,0,321,WR,0,40.00
mem_full_test,0,0,323,WR,0,40.00
mem_full_test,0,0,325,WR,0,40.00
mem_full_test,0,0,327,WR,0,40.00
mem_full_test,0,0,329,WR,0,50.00
mem_full_test,0,0,331,WR,0,50.00
mem_full_test,0,0,333,WR,0,40.00
mem_full_test,0,0,335,WR,0,40.00
mem_full_test,0,0,337,WR,0,50.00
mem_full_test,0,0,339,WR,0,40.00
mem_full_test,0,0,341,WR,0,50.00
mem_full_test,0,0,343,WR,0,60.00
mem_full_test,0,0,345,WR,0,40.00
mem_full_test,0,0,347,WR,0,40.00
mem_full_test,0,0,349,WR,0,40.00
mem_full_test,0,0,351,WR,0,40.00
mem_full_test,0,0,353,WR,0,40.00
mem_full_test,0,0,355,WR,0,40.00
mem_full_test,0,0,357,WR,0,40.00
mem_full_test,0,0,359,WR,0,50.00
mem_full_test,0,0,361,WR,0,40.00
mem_full_test,0,0,363,WR,0,50.00
mem_full_test,0,0,365,WR,0,40.00
mem_full_test,0,0,367,WR,0,40.00
mem_full_test,0,0,369,WR,0,40.00
mem_full_test,0,0,371,WR,0,40.00
mem_full_test,0,0,373,WR,0,40.00
mem_full_test,0,0,375,WR,0,40.00
mem_full_test,0,0,377,WR,0,40.00
mem_full_test,0,0,379,WR,0,40.00
mem_full_test,0,0,381,WR,0,40.00
mem_full_test,0,0,383,WR,0,40.00
mem_full_test,0,0,385,WR,0,50.00
mem_full_test,0,0,387,WR,0,40.00
mem_full_test,0,0,389,WR,0,40.00
mem_full_test,0,0,391,WR,0,40.00
mem_full_test,0,0,393,WR,0,40.00
mem_full_test,0,0,395,WR,0,50.00
mem_full_test,0,0,397,WR,0,50.00
mem_full_test,0,0,399,WR,0,40.00
mem_full_test,0,0,401,WR,0,40.00
mem_full_test,0,0,403,WR,0,40.00
mem_full_test,0,0,405,WR,0,50.00
mem_full_test,0,0,407,WR,0,40.00
mem_full_test,0,0,409,WR,0,50.00
mem_full_test,0,0,411,WR,0,40.00
mem_full_test,0,0,413,WR,0,40.00
mem_full_test,0,0,415,WR,0,40.00
mem_full_test,0,0,417,WR,0,50.00
mem_full_test,0,0,419,WR,0,60.00
mem_full_test,0,0,421,WR,0,50.00
mem_full_test,0,0,423,WR,0,50.00
mem_full_test,0,0,425,WR,0,40.00
mem_full_test,0,0,427,WR,0,40.00
mem_full_test,0,0,429,WR,0,40.00
mem_full_test,0,0,431,WR,0,40.00
mem_full_test,0,0,433,WR,0,40.00
mem_full_test,0,0,435,WR,0,40.00
mem_full_test,0,0,437,WR,0,50.00
mem_full_test,0,0,439,WR,0,40.00
mem_full_test,0,0,441,WR,0,40.00
mem_full_test,0,0,443,WR,0,40.00
mem_full_test,0,0,445,WR,0,40.00
mem_full_test,0,0,447,WR,0,40.00
mem_full_test,0,0,449,WR,0,40.00
mem_full_test,0,0,451,WR,0,40.00
mem_full_test,0,0,453,WR,0,40.00
mem_full_test,0,0,455,WR,0,40.00
mem_full_test,0,0,457,WR,0,40.00
mem_full_test,0,0,459,WR,0,40.00
mem_full_test,0,0,461,WR,0,50.00
mem_full_test,0,0,463,WR,0,40.00
mem_full_test,0,0,465,WR,0,50.00
mem_full_test,0,0,467,WR,0,50.00
mem_full_test,0,0,469,WR,0,40.00
mem_full_test,0,0,471,WR,0,50.00
mem_full_test,0,0,473,WR,0,60.00
mem_full_test,0,0,475,WR,1,50.00
mem_full_test,0,0,477,WR,1,40.00
mem_full_test,0,0,479,WR,1,40.00
mem_full_test,0,0,481,WR,1,40.00
mem_full_test,0,0,483,WR,1,50.00
mem_full_test,0,0,485,WR,1,40.00
mem_full_test,0,0,487,WR,1,40.00
mem_full_test,0,0,489,WR,1,40.00
mem_full_test,0,0,491,WR,1,40.00
mem_full_test,0,0,493,WR,1,40.00
mem_full_test,0,0,495,WR,1,40.00
mem_full_test,0,0,497,WR,1,50.00
mem_full_test,0,0,499,WR,1,50.00
mem_full_test,0,0,501,WR,1,40.00
mem_full_test,0,0,503,WR,1,40.00
mem_full_test,0,0,505,WR,1,50.00
mem_full_test,0,0,507,WR,1,40.00
mem_full_test,0,0,509,WR,1,40.00
mem_full_test,0,0,511,WR,1,40.00
mem_full_test,0,0,513,WR,1,40.00
mem_full_test,0,0,515,WR,1,50.00
mem_full_test,0,0,517,WR,1,40.00
mem_full_test,0,0,519,WR,1,50.00
mem_full_test,0,0,521,WR,1,40.00
mem_full_test,0,0,523,WR,1,50.00
mem_full_test,0,0,525,WR,1,40.00
mem_full_test,0,0,527,WR,1,40.00
mem_full_test,0,0,529,WR,1,50.00
mem_full_test,0,0,531,WR,1,40.00
mem_full_test,0,0,533,WR,1,40.00
mem_full_test,0,0,535,WR,1,40.00
mem_full_test,0,0,537,WR,1,40.00
mem_full_test,0,0,539,WR,1,40.00
mem_full_test,0,0,541,WR,1,50.00
mem_full_test,0,0,543,WR,1,50.00
mem_full_test,0,0,545,WR,1,40.00
mem_full_test,0,0,547,WR,1,40.00
mem_full_test,0,0,549,WR,1,40.00
mem_full_test,0,0,551,WR,1,40.00
mem_full_test,0,0,553,WR,1,40.00
mem_full_test,0,0,555,WR,1,50.00
mem_full_test,0,0,557,WR,1,60.00
mem_full_test,0,0,559,WR,1,40.00
mem_full_test,0,0,561,WR,1,40.00
mem_full_test,0,0,563,WR,1,50.00
mem_full_test,0,0,565,WR,1,50.00
mem_full_test,0,0,567,WR,1,40.00
mem_full_test,0,0,569,WR,1,50.00
mem_full_test,0,0,571,WR,1,50.00
mem_full_test,0,0,573,WR,1,60.00
mem_full_test,0,0,575,WR,1,40.00
mem_full_test,0,0,577,WR,1,40.00
mem_full_test,0,0,579,WR,1,50.00
mem_full_test,0,0,581,WR,1,40.00
mem_full_test,0,0,583,WR,1,40.00
mem_full_test,0,0,585,WR,1,40.00
mem_full_test,0,0,587,WR,1,40.00
mem_full_test,0,0,589,WR,1,50.00
mem_full_test,0,0,591,WR,1,60.00
mem_full_test,0,0,593,WR,1,40.00
mem_full_test,0,0,595,WR,1,40.00
mem_full_test,0,0,597,WR,1,40.00
mem_full_test,0,0,599,WR,1,40.00
mem_full_test,0,0,601,WR,1,40.00
mem_full_test,0,0,603,WR,1,40.00
mem_full_test,0,0,605,WR,1,40.00
mem_full_test,0,0,607,WR,1,40.00
mem_full_test,0,0,609,WR,1,40.00
mem_full_test,0,0,611,WR,1,40.00
mem_full_test,0,0,613,WR,1,40.00
mem_full_test,0,0,615,WR,1,50.00
mem_full_test,0,0,617,WR,1,40.00
mem_full_test,0,0,619,WR,1,40.00
mem_full_test,0,0,621,WR,1,40.00
mem_full_test,0,0,623,WR,1,40.00
mem_full_test,0,0,625,WR,1,40.00
mem_full_test,0,0,627,WR,1,40.00
mem_full_test,0,0,629,WR,1,50.00
mem_full_test,0,0,631,WR,1,40.00
mem_full_test,0,0,633,WR,1,40.00
mem_full_test,0,0,635,WR,1,40.00
mem_full_test,0,0,637,WR,1,40.00
mem_full_test,0,0,639,WR,1,40.00
mem_full_test,0,0,641,WR,1,40.00
mem_full_test,0,0,643,WR,1,40.00
mem_full_test,0,0,645,WR,1,40.00
mem_full_test,0,0,647,WR,1,40.00
mem_full_test,0,0,649,WR,1,40.00
mem_full_test,0,0,651,WR,1,40.00
mem_full_test,0,0,653,WR,1,50.00
mem_full_test,0,0,655,WR,1,40.00
mem_full_test,0,0,657,WR,1,40.00
mem_full_test,0,0,659,WR,1,40.00
mem_full_test,0,0,661,WR,1,40.00
mem_full_test,0,0,663,WR,1,40.00
mem_full_test,0,0,665,WR,1,50.00
mem_full_test,0,0,667,WR,1,40.00
mem_full_test,0,0,669,WR,1,50.00
mem_full_test,0,0,671,WR,1,40.00
mem_full_test,0,0,673,WR,1,40.00
mem_full_test,0,0,675,WR,1,40.00
mem_full_test,0,0,677,WR,1,40.00
mem_full_test,0,0,679,WR,1,40.00
mem_full_test,0,0,681,WR,1,40.00
mem_full_test,0,0,683,WR,1,40.00
mem_full_test,0,0,685,WR,1,40.00
mem_full_test,0,0,687,WR,1,50.00
mem_full_test,0,0,689,WR,1,40.00
mem_full_test,0,0,691,WR,1,40.00
mem_full_test,0,0,693,WR,1,40.00
mem_full_test,0,0,695,WR,1,40.00
mem_full_test,0,0,697,WR,1,50.00
mem_full_test,0,0,699,WR,1,60.00
mem_full_test,0,0,701,WR,1,40.00
mem_full_test,0,0,703,WR,1,40.00
mem_full_test,0,0,705,WR,1,40.00
mem_full_test,0,0,707,WR,1,50.00
mem_full_test,0,0,709,WR,1,40.00
mem_full_test,0,0,711,WR,1,40.00
mem_full_test,0,0,713,WR,1,40.00
mem_full_test,0,0,715,WR,1,40.00
mem_full_test,0,0,717,WR,1,40.00
mem_full_test,0,0,719,WR,1,40.00
mem_full_test,0,0,721,WR,1,40.00
mem_full_test,0,0,723,WR,1,40.00
mem_full_test,0,0,725,WR,1,40.00
mem_full_test,0,0,727,WR,1,40.00
mem_full_test,0,0,729,WR,1,40.00
mem_full_test,0,0,731,WR,1,40.00
mem_full_test,0,0,733,WR,1,40.00
mem_full_test,0,0,735,WR,1,40.00
mem_full_test,0,0,737,WR,1,40.00
mem_full_test,0,0,739,WR,1,40.00
mem_full_test,0,0,741,WR,1,40.00
mem_full_test,0,0,743,WR,1,50.00
mem_full_test,0,0,745,WR,1,40.00
mem_full_test,0,0,747,WR,1,40.00
mem_full_test,0,0,749,WR,1,40.00
mem_full_test,0,0,751,WR,1,40.00
mem_full_test,0,0,753,WR,1,40.00
mem_full_test,0,0,755,WR,1,40.00
mem_full_test,0,0,757,WR,1,40.00
mem_full_test,0,0,759,WR,1,40.00
mem_full_test,0,0,761,WR,1,40.00
mem_full_test,0,0,763,WR,1,40.00
mem_full_test,0,0,765,WR,1,40.00
mem_full_test,0,0,767,WR,1,50.00
mem_full_test,0,0,769,WR,1,50.00
mem_full_test,0,0,771,WR,1,40.00
mem_full_test,0,0,773,WR,1,40.00
mem_full_test,0,0,775,WR,1,40.00
mem_full_test,0,0,777,WR,1,50.00
mem_full_test,0,0,779,WR,1,40.00
mem_full_test,0,0,781,WR,1,40.00
mem_full_test,0,0,783,WR,1,40.00
mem_full_test,0,0,785,WR,1,40.00
mem_full_test,0,0,787,WR,1,40.00
mem_full_test,0,0,789,WR,1,40.00
mem_full_test,0,0,791,WR,1,50.00
mem_full_test,0,0,793,WR,1,40.00
mem_full_test,0,0,795,WR,1,40.00
mem_full_test,0,0,797,WR,1,50.00
mem_full_test,0,0,799,WR,1,40.00
mem_full_test,0,0,801,WR,1,40.00
mem_full_test,0,0,803,WR,1,40.00
mem_full_test,0,0,805,WR,1,40.00
mem_full_test,0,0,807,WR,1,40.00
mem_full_test,0,0,809,WR,1,50.00
mem_full_test,0,0,811,WR,1,50.00
mem_full_test,0,0,813,WR,1,40.00
mem_full_test,0,0,815,WR,1,40.00
mem_full_test,0,0,817,WR,1,40.00
mem_full_test,0,0,819,WR,1,40.00
mem_full_test,0,0,821,WR,1,40.00
mem_full_test,0,0,823,WR,1,40.00
mem_full_test,0,0,825,WR,2,40.00
mem_full_test,0,0,827,WR,2,40.00
mem_full_test,0,0,829,WR,2,40.00
mem_full_test,0,0,831,WR,2,40.00
mem_full_test,0,0,833,WR,2,40.00
mem_full_test,0,0,835,WR,2,50.00
mem_full_test,0,0,837,WR,2,60.00
mem_full_test,0,0,839,WR,2,40.00
mem_full_test,0,0,841,WR,2,40.00
mem_full_test,0,0,843,WR,2,40.00
mem_full_test,0,0,845,WR,2,50.00
mem_full_test,0,0,847,WR,2,40.00
mem_full_test,0,0,849,WR,2,50.00
mem_full_test,0,0,851,WR,2,40.00
mem_full_test,0,0,853,WR,2,40.00
mem_full_test,0,0,855,WR,2,40.00
mem_full_test,0,0,857,WR,2,40.00
mem_full_test,0,0,859,WR,2,40.00
mem_full_test,0,0,861,WR,2,40.00
mem_full_test,0,0,863,WR,2,40.00
mem_full_test,0,0,865,WR,2,40.00
mem_full_test,0,0,867,WR,2,40.00
mem_full_test,0,0,869,WR,2,40.00
mem_full_test,0,0,871,WR,2,40.00
mem_full_test,0,0,873,WR,2,40.00
mem_full_test,0,0,875,WR,2,50.00
mem_full_test,0,0,877,WR,2,40.00
mem_full_test,0,0,879,WR,2,40.00
mem_full_test,0,0,881,WR,2,50.00
mem_full_test,0,0,883,WR,2,60.00
mem_full_test,0,0,885,WR,2,60.00
mem_full_test,0,0,887,WR,2,60.00
mem_full_test,0,0,889,WR,2,40.00
mem_full_test,0,0,891,WR,2,40.00
mem_full_test,0,0,893,WR,2,40.00
mem_full_test,0,0,895,WR,2,40.00
mem_full_test,0,0,897,WR,2,40.00
mem_full_test,0,0,899,WR,2,40.00
mem_full_test,0,0,901,WR,2,40.00
mem_full_test,0,0,903,WR,2,40.00
mem_full_test,0,0,905,WR,2,40.00
mem_full_test,0,0,907,WR,2,50.00
mem_full_test,0,0,909,WR,2,50.00
mem_full_test,0,0,911,WR,2,40.00
mem_full_test,0,0,913,WR,2,40.00
mem_full_test,0,0,915,WR,2,40.00
mem_full_test,0,0,917,WR,2,40.00
mem_full_test,0,0,919,WR,2,40.00
mem_full_test,0,0,921,WR,2,40.00
mem_full_test,0,0,923,WR,2,40.00
mem_full_test,0,0,925,WR,2,40.00
mem_full_test,0,0,927,WR,2,40.00
mem_full_test,0,0,929,WR,2,40.00
mem_full_test,0,0,931,WR,2,50.00
mem_full_test,0,0,933,WR,2,60.00
mem_full_test,0,0,935,WR,2,40.00
mem_full_test,0,0,937,WR,2,40.00
mem_full_test,0,0,939,WR,2,40.00
mem_full_test,0,0,941,WR,2,40.00
mem_full_test,0,0,943,WR,2,40.00
mem_full_test,0,0,945,WR,2,40.00
mem_full_test,0,0,947,WR,2,40.00
mem_full_test,0,0,949,WR,2,40.00
mem_full_test,0,0,951,WR,2,40.00
mem_full_test,0,0,953,WR,2,40.00
mem_full_test,0,0,955,WR,2,40.00
mem_full_test,0,0,957,WR,2,40.00
mem_full_test,0,0,959,WR,2,50.00
mem_full_test,0,0,961,WR,2,60.00
mem_full_test,0,0,963,WR,2,40.00
mem_full_test,0,0,965,WR,2,40.00
mem_full_test,0,0,967,WR,2,40.00
mem_full_test,0,0,969,WR,2,40.00
mem_full_test,0,0,971,WR,2,40.00
mem_full_test,0,0,973,WR,2,50.00
mem_full_test,0,0,975,WR,2,60.00
mem_full_test,0,0,977,WR,2,40.00
mem_full_test,0,0,979,WR,2,50.00
mem_full_test,0,0,981,WR,2,60.00
mem_full_test,0,0,983,WR,2,70.00
mem_full_test,0,0,985,WR,2,60.00
mem_full_test,0,0,987,WR,2,50.00
mem_full_test,0,0,989,WR,2,60.00
mem_full_test,0,0,991,WR,2,40.00
mem_full_test,0,0,993,WR,2,40.00
mem_full_test,0,0,995,WR,2,40.00
mem_full_test,0,0,997,WR,2,40.00
mem_full_test,0,0,999,WR,2,40.00
mem_full_test,0,0,1001,WR,2,50.00
mem_full_test,0,0,1003,WR,2,60.00
mem_full_test,0,0,1005,WR,2,40.00
mem_full_test,0,0,1007,WR,2,40.00
mem_full_test,0,0,1009,WR,2,50.00
mem_full_test,0,0,1011,WR,2,50.00
mem_full_test,0,0,1013,WR,2,40.00
mem_full_test,0,0,1015,WR,2,40.00
mem_full_test,0,0,1017,WR,2,40.00
mem_full_test,0,0,1019,WR,2,40.00
mem_full_test,0,0,1021,WR,2,40.00
mem_full_test,0,0,1023,WR,2,40.00
mem_full_test,0,0,1025,WR,2,40.00
mem_full_test,0,0,1027,WR,2,40.00
mem_full_test,0,0,1029,WR,3,40.00
mem_full_test,0,0,1031,WR,3,40.00
mem_full_test,0,0,1033,WR,3,40.00
mem_full_test,0,0,1035,WR,3,40.00
mem_full_test,0,0,1037,WR,3,40.00
mem_full_test,0,0,1039,WR,3,40.00
mem_full_test,0,0,1041,WR,3,40.00
mem_full_test,0,0,1043,WR,3,50.00
mem_full_test,0,0,1045,WR,3,40.00
mem_full_test,0,0,1047,WR,3,40.00
mem_full_test,0,0,1049,WR,3,40.00
mem_full_test,0,0,1051,WR,3,40.00
mem_full_test,0,0,1053,WR,3,40.00
mem_full_test,0,0,1055,WR,3,40.00
mem_full_test,0,0,1057,WR,3,40.00
mem_full_test,0,0,1059,WR,3,40.00
mem_full_test,0,0,1061,WR,3,40.00
mem_full_test,0,0,1063,WR,3,40.00
mem_full_test,0,0,1065,WR,3,40.00
mem_full_test,0,0,1067,WR,3,40.00
mem_full_test,0,0,1069,WR,3,40.00
mem_full_test,0,0,1071,WR,3,40.00
mem_full_test,0,0,1073,WR,3,40.00
mem_full_test,0,0,1075,WR,3,40.00
mem_full_test,0,0,1077,WR,3,40.00
mem_full_test,0,0,1079,WR,3,50.00
mem_full_test,0,0,1081,WR,3,40.00
mem_full_test,0,0,1083,WR,3,40.00
mem_full_test,0,0,1085,WR,3,40.00
mem_full_test,0,0,1087,WR,3,40.00
mem_full_test,0,0,1089,WR,3,40.00
mem_full_test,0,0,1091,WR,3,40.00
mem_full_test,0,0,1093,WR,3,40.00
mem_full_test,0,0,1095,WR,3,40.00
mem_full_test,0,0,1097,WR,3,40.00
mem_full_test,0,0,1099,WR,3,40.00
mem_full_test,0,0,1101,WR,3,40.00
mem_full_test,0,0,1103,WR,3,40.00
mem_full_test,0,0,1105,WR,3,40.00
mem_full_test,0,0,1107,WR,3,40.00
mem_full_test,0,0,1109,WR,3,50.00
mem_full_test,0,0,1111,WR,3,40.00
mem_full_test,0,0,1113,WR,3,40.00
mem_full_test,0,0,1115,WR,3,50.00
mem_full_test,0,0,1117,WR,3,40.00
mem_full_test,0,0,1119,WR,3,40.00
mem_full_test,0,0,1121,WR,3,40.00
mem_full_test,0,0,1123,WR,3,40.00
mem_full_test,0,0,1125,WR,3,40.00
mem_full_test,0,0,1127,WR,3,40.00
mem_full_test,0,0,1129,WR,3,40.00
mem_full_test,0,0,1131,WR,3,40.00
mem_full_test,0,0,1133,WR,3,40.00
mem_full_test,0,0,1135,WR,3,40.00
mem_full_test,0,0,1137,WR,3,50.00
mem_full_test,0,0,1139,WR,3,40.00
mem_full_test,0,0,1141,WR,3,40.00
mem_full_test,0,0,1143,WR,3,40.00
mem_full_test,0,0,1145,WR,3,40.00
mem_full_test,0,0,1147,WR,3,40.00
mem_full_test,0,0,1149,WR,3,40.00
mem_full_test,0,0,1151,WR,3,40.00
mem_full_test,0,0,1153,WR,3,40.00
mem_full_test,0,0,1155,WR,3,40.00
mem_full_test,0,0,1157,WR,3,50.00
mem_full_test,0,0,1159,WR,3,40.00
mem_full_test,0,0,1161,WR,3,40.00
mem_full_test,0,0,1163,WR,3,50.00
mem_full_test,0,0,1165,WR,3,40.00
mem_full_test,0,0,1167,WR,3,40.00
mem_full_test,0,0,1169,WR,3,40.00
mem_full_test,0,0,1171,WR,3,40.00
mem_full_test,0,0,1173,WR,3,40.00
mem_full_test,0,0,1175,WR,3,50.00
mem_full_test,0,0,1177,WR,3,60.00
mem_full_test,0,0,1179,WR,3,40.00
mem_full_test,0,0,1181,WR,3,40.00
mem_full_test,0,0,1183,WR,3,50.00
mem_full_test,0,0,1185,WR,3,50.00
mem_full_test,0,0,1187,WR,3,40.00
mem_full_test,0,0,1189,WR,3,40.00
mem_full_test,0,0,1191,WR,3,40.00
mem_full_test,0,0,1193,WR,3,40.00
mem_full_test,0,0,1195,WR,3,40.00
mem_full_test,0,0,1197,WR,3,40.00
mem_full_test,0,0,1199,WR,3,40.00
mem_full_test,0,0,1201,WR,3,40.00
mem_full_test,0,0,1203,WR,3,40.00
mem_full_test,0,0,1205,WR,3,40.00
mem_full_test,0,0,1207,WR,3,40.00
mem_full_test,0,0,1209,WR,3,40.00
mem_full_test,0,0,1211,WR,3,40.00
mem_full_test,0,0,1213,WR,3,40.00
mem_full_test,0,0,1215,WR,3,40.00
mem_full_test,0,0,1217,WR,3,40.00
mem_full_test,0,0,1219,WR,3,40.00
mem_full_test,0,0,1221,WR,3,50.00
mem_full_test,0,0,1223,WR,3,40.00
mem_full_test,0,0,1225,WR,3,40.00
mem_full_test,0,0,1227,WR,3,40.00
mem_full_test,0,0,1229,WR,3,40.00
mem_full_test,0,0,1231,WR,3,40.00
mem_full_test,0,0,1233,WR,3,40.00
mem_full_test,0,0,1235,WR,3,40.00
mem_full_test,0,0,1237,WR,3,40.00
mem_full_test,0,0,1239,WR,3,40.00
mem_full_test,0,0,1241,WR,3,40.00
mem_full_test,0,0,1243,WR,3,40.00
mem_full_test,0,0,1245,WR,3,40.00
mem_full_test,0,0,1247,WR,3,40.00
mem_full_test,0,0,1249,WR,3,50.00
mem_full_test,0,0,1251,WR,3,40.00
mem_full_test,0,0,1253,WR,3,40.00
mem_full_test,0,0,1255,WR,3,40.00
mem_full_test,0,0,1257,WR,3,40.00
mem_full_test,0,0,1259,WR,3,40.00
mem_full_test,0,0,1261,WR,3,50.00
mem_full_test,0,0,1263,WR,3,40.00
mem_full_test,0,0,1265,WR,3,50.00
mem_full_test,0,0,1267,WR,3,40.00
mem_full_test,0,0,1269,WR,3,40.00
mem_full_test,0,0,1271,WR,3,40.00
mem_full_test,0,0,1273,WR,3,40.00
mem_full_test,0,0,1275,WR,3,40.00
mem_full_test,0,0,1277,WR,3,40.00
mem_full_test,0,0,1279,WR,3,40.00
mem_full_test,0,0,1281,WR,3,40.00
mem_full_test,0,0,1283,WR,3,40.00
mem_full_test,0,0,1285,WR,3,40.00
mem_full_test,0,0,1287,WR,3,40.00
mem_full_test,0,0,1289,WR,3,40.00
mem_full_test,0,0,1291,WR,3,40.00
mem_full_test,0,0,1293,WR,3,40.00
mem_full_test,0,0,1295,WR,3,40.00
mem_full_test,0,0,1297,WR,3,40.00
mem_full_test,0,0,1299,WR,3,40.00
mem_full_test,0,0,1301,WR,3,40.00
mem_full_test,0,0,1303,WR,3,40.00
mem_full_test,0,0,1305,WR,3,40.00
mem_full_test,0,0,1307,WR,3,50.00
mem_full_test,0,0,1309,WR,3,50.00
mem_full_test,0,0,1311,WR,3,60.00
mem_full_test,0,0,1313,WR,3,50.00
mem_full_test,0,0,1315,WR,3,40.00
mem_full_test,0,0,1317,WR,3,40.00
mem_full_test,0,0,1319,WR,3,40.00
mem_full_test,0,0,1321,WR,3,40.00
mem_full_test,0,0,1323,WR,3,40.00
mem_full_test,0,0,1325,WR,3,40.00
mem_full_test,0,0,1327,WR,3,40.00
mem_full_test,0,0,1329,WR,3,50.00
mem_full_test,0,0,1331,WR,3,40.00
mem_full_test,0,0,1333,WR,3,40.00
mem_full_test,0,0,1335,WR,3,40.00
mem_full_test,0,0,1337,WR,3,40.00
mem_full_test,0,0,1339,WR,3,40.00
mem_full_test,0,0,1341,WR,3,50.00
mem_full_test,0,0,1343,WR,3,60.00
mem_full_test,0,0,1345,WR,3,60.00
mem_full_test,0,0,1347,WR,3,40.00
mem_full_test,0,0,1349,WR,3,40.00
mem_full_test,0,0,1351,WR,3,40.00
mem_full_test,0,0,1353,WR,3,50.00
mem_full_test,0,0,1355,WR,3,40.00
mem_full_test,0,0,1357,WR,3,40.00
mem_full_test,0,0,1359,WR,3,40.00
mem_full_test,0,0,1361,WR,3,50.00
mem_full_test,0,0,1363,WR,3,40.00
mem_full_test,0,0,1365,WR,3,40.00
mem_full_test,0,0,1367,WR,3,40.00
mem_full_test,0,0,1369,WR,3,40.00
mem_full_test,0,0,1371,WR,3,40.00
mem_full_test,0,0,1373,WR,3,40.00
mem_full_test,0,0,1375,WR,3,40.00
mem_full_test,0,0,1377,WR,3,40.00
mem_full_test,0,0,1379,WR,3,40.00
mem_full_test,0,0,1381,WR,3,40.00
mem_full_test,0,0,1383,WR,3,40.00
mem_full_test,0,0,1385,WR,3,50.00
mem_full_test,0,0,1387,WR,3,40.00
mem_full_test,0,0,1389,WR,3,50.00
mem_full_test,0,0,1391,WR,3,40.00
mem_full_test,0,0,1393,WR,3,40.00
mem_full_test,0,0,1395,WR,3,40.00
mem_full_test,0,0,1397,WR,3,40.00
mem_full_test,0,0,1399,WR,3,50.00
mem_full_test,0,0,1401,WR,3,40.00
mem_full_test,0,0,1403,WR,3,50.00
mem_full_test,0,0,1405,WR,3,50.00
mem_full_test,0,0,1407,WR,3,40.00
mem_full_test,0,0,1409,WR,3,40.00
mem_full_test,0,0,1411,WR,3,40.00
mem_full_test,0,0,1413,WR,3,40.00
mem_full_test,0,0,1415,WR,3,40.00
mem_full_test,0,0,1417,WR,3,50.00
mem_full_test,0,0,1419,WR,3,40.00
mem_full_test,0,0,1421,WR,3,40.00
mem_full_test,0,0,1423,WR,3,40.00
mem_full_test,0,0,1425,WR,3,40.00
mem_full_test,0,0,1427,WR,3,40.00
mem_full_test,0,0,1429,WR,3,40.00
mem_full_test,0,0,1431,WR,3,40.00
mem_full_test,0,0,1433,WR,3,40.00
mem_full_test,0,0,1435,WR,3,40.00
mem_full_test,0,0,1437,WR,3,40.00
mem_full_test,0,0,1439,WR,3,40.00
mem_full_test,0,0,1441,WR,3,40.00
mem_full_test,0,0,1443,WR,3,40.00
mem_full_test,0,0,1445,WR,3,40.00
mem_full_test,0,0,1447,WR,3,40.00
mem_full_test,0,0,1449,WR,3,40.00
mem_full_test,0,0,1451,WR,3,40.00
mem_full_test,0,0,1453,WR,3,40.00
mem_full_test,0,0,1455,WR,3,50.00
mem_full_test,0,0,1457,WR,3,50.00
mem_full_test,0,0,1459,WR,3,40.00
mem_full_test,0,0,1461,WR,3,40.00
mem_full_test,0,0,1463,WR,3,40.00
mem_full_test,0,0,1465,WR,3,40.00
mem_full_test,0,0,1467,WR,3,40.00
mem_full_test,0,0,1469,WR,3,40.00
mem_full_test,0,0,1471,WR,3,40.00
mem_full_test,0,0,1473,WR,3,40.00
mem_full_test,0,0,1475,WR,3,40.00
mem_full_test,0,0,1477,WR,3,40.00
mem_full_test,0,0,1479,WR,3,50.00
mem_full_test,0,0,1481,WR,3,50.00
mem_full_test,0,0,1483,WR,3,60.00
mem_full_test,0,0,1485,WR,3,40.00
mem_full_test,0,0,1487,WR,3,40.00
mem_full_test,0,0,1489,WR,3,40.00
mem_full_test,0,0,1491,WR,3,40.00
mem_full_test,0,0,1493,WR,3,40.00
mem_full_test,0,0,1495,WR,3,40.00
mem_full_test,0,0,1497,WR,3,40.00
mem_full_test,0,0,1499,WR,3,40.00
mem_full_test,0,0,1501,WR,3,40.00
mem_full_test,0,0,1503,WR,3,50.00
mem_full_test,0,0,1505,WR,3,40.00
mem_full_test,0,0,1507,WR,3,40.00
mem_full_test,0,0,1509,WR,3,40.00
mem_full_test,0,0,1511,WR,3,50.00
mem_full_test,0,0,1513,WR,3,50.00
mem_full_test,0,0,1515,WR,3,40.00
mem_full_test,0,0,1517,WR,3,40.00
mem_full_test,0,0,1519,WR,3,50.00
mem_full_test,0,0,1521,WR,3,40.00
mem_full_test,0,0,1523,WR,3,40.00
mem_full_test,0,0,1525,WR,3,40.00
mem_full_test,0,0,1527,WR,3,40.00
mem_full_test,0,0,1529,WR,0,40.00
mem_full_test,0,0,1531,WR,1,40.00
mem_full_test,0,0,1533,WR,3,40.00
mem_full_test,0,0,1535,WR,1,40.00
mem_full_test,0,0,1537,WR,3,40.00
mem_full_test,0,0,1539,WR,3,40.00
mem_full_test,0,0,1541,WR,0,40.00
mem_full_test,0,0,1543,WR,0,40.00
mem_full_test,0,0,1545,WR,0,40.00
mem_full_test,0,0,1547,WR,0,50.00
mem_full_test,0,0,1549,WR,1,40.00
mem_full_test,0,0,1551,WR,0,40.00
mem_full_test,0,0,1553,WR,2,40.00
mem_full_test,0,0,1555,WR,2,50.00
mem_full_test,0,0,1557,WR,1,40.00
mem_full_test,0,0,1559,WR,1,40.00
mem_full_test,0,0,1561,WR,2,40.00
mem_full_test,0,0,1563,WR,2,40.00
mem_full_test,0,0,1565,WR,0,40.00
mem_full_test,0,0,1567,WR,0,40.00
mem_full_test,0,0,1569,WR,1,40.00
mem_full_test,0,0,1571,WR,3,40.00
mem_full_test,0,0,1573,WR,1,40.00
mem_full_test,0,0,1575,WR,0,40.00
mem_full_test,0,0,1577,WR,0,40.00
mem_full_test,0,0,1579,WR,0,40.00
mem_full_test,0,0,1581,WR,3,40.00
mem_full_test,0,0,1583,WR,1,40.00
mem_full_test,0,0,1585,WR,3,40.00
mem_full_test,0,0,1587,WR,1,40.00
mem_full_test,0,0,1589,WR,1,40.00
mem_full_test,0,0,1591,WR,0,40.00
mem_full_test,0,0,1593,WR,0,40.00
mem_full_test,0,0,1595,WR,1,40.00
mem_full_test,0,0,1597,WR,0,40.00
mem_full_test,0,0,1599,WR,3,40.00
mem_full_test,0,0,1601,WR,3,40.00
mem_full_test,0,0,1603,WR,2,40.00
mem_full_test,0,0,1605,WR,2,40.00
mem_full_test,0,0,1607,WR,3,40.00
mem_full_test,0,0,1609,WR,1,40.00
mem_full_test,0,0,1611,WR,2,40.00
mem_full_test,0,0,1613,WR,0,40.00
mem_full_test,0,0,1615,WR,2,40.00
mem_full_test,0,0,1617,WR,1,40.00
mem_full_test,0,0,1619,WR,0,40.00
mem_full_test,0,0,1621,WR,2,40.00
mem_full_test,0,0,1623,WR,0,40.00
mem_full_test,0,0,1625,WR,2,40.00
mem_full_test,0,0,1627,WR,3,40.00
mem_full_test,0,0,1629,WR,2,40.00
mem_full_test,0,0,1631,WR,0,40.00
mem_full_test,0,0,1633,WR,2,40.00
mem_full_test,0,0,1635,WR,1,40.00
mem_full_test,0,0,1637,WR,3,40.00
mem_full_test,0,0,1639,WR,3,40.00
mem_full_test,0,0,1641,WR,3,40.00
mem_full_test,0,0,1643,WR,2,40.00
mem_full_test,0,0,1645,WR,2,40.00
mem_full_test,0,0,1647,WR,2,40.00
mem_full_test,0,0,1649,WR,3,40.00
mem_full_test,0,0,1651,WR,3,40.00
mem_full_test,0,0,1653,WR,2,40.00
mem_full_test,0,0,1655,WR,2,40.00
mem_full_test,0,0,1657,WR,0,40.00
mem_full_test,0,0,1659,WR,2,40.00
mem_full_test,0,0,1661,WR,1,40.00
mem_full_test,0,0,1663,WR,1,40.00
mem_full_test,0,0,1665,WR,2,40.00
mem_full_test,0,0,1667,WR,3,40.00
mem_full_test,0,0,1669,WR,1,40.00
mem_full_test,0,0,1671,WR,1,40.00
mem_full_test,0,0,1673,WR,1,40.00
mem_full_test,0,0,1675,WR,3,40.00
mem_full_test,0,0,1677,WR,3,40.00
mem_full_test,0,0,1679,WR,2,40.00
mem_full_test,0,0,1681,WR,2,40.00
mem_full_test,0,0,1683,WR,2,40.00
mem_full_test,0,0,1685,WR,0,40.00
mem_full_test,0,0,1687,WR,2,40.00
mem_full_test,0,0,1689,WR,0,40.00
mem_full_test,0,0,1691,WR,3,40.00
mem_full_test,0,0,1693,WR,0,40.00
mem_full_test,0,0,1695,WR,2,40.00
mem_full_test,0,0,1697,WR,1,40.00
mem_full_test,0,0,1699,WR,1,40.00
mem_full_test,0,0,1701,WR,3,40.00
mem_full_test,0,0,1703,WR,3,40.00
mem_full_test,0,0,1705,WR,0,40.00
mem_full_test,0,0,1707,WR,0,40.00
mem_full_test,0,0,1709,WR,1,40.00
mem_full_test,0,0,1711,WR,2,40.00
mem_full_test,0,0,1713,WR,2,40.00
mem_full_test,0,0,1715,WR,2,40.00
mem_full_test,0,0,1717,WR,0,40.00
mem_full_test,0,0,1719,WR,3,40.00
mem_full_test,0,0,1721,WR,3,40.00
mem_full_test,0,0,1723,WR,3,40.00
mem_full_test,0,0,1725,WR,2,40.00
mem_full_test,0,0,1727,WR,1,40.00
mem_full_test,0,0,1729,WR,1,40.00
mem_full_test,0,0,1731,WR,2,40.00
mem_full_test,0,0,1733,WR,1,40.00
mem_full_test,0,0,1735,WR,2,40.00
mem_full_test,0,0,1737,WR,1,40.00
mem_full_test,0,0,1739,WR,2,40.00
mem_full_test,0,0,1741,WR,1,40.00
mem_full_test,0,0,1743,WR,3,40.00
mem_full_test,0,0,1745,WR,2,40.00
mem_full_test,0,0,1747,WR,3,40.00
mem_full_test,0,0,1749,WR,3,40.00
mem_full_test,0,0,1751,WR,0,40.00
mem_full_test,0,0,1753,WR,1,40.00
mem_full_test,0,0,1755,WR,3,40.00
mem_full_test,0,0,1757,WR,2,40.00
mem_full_test,0,0,1759,WR,1,40.00
mem_full_test,0,0,1761,WR,0,40.00
mem_full_test,0,0,1763,WR,3,40.00
mem_full_test,0,0,1765,WR,3,50.00
mem_full_test,0,0,1767,WR,2,40.00
mem_full_test,0,0,1769,WR,1,40.00
mem_full_test,0,0,1771,WR,2,40.00
mem_full_test,0,0,1773,WR,0,40.00
mem_full_test,0,0,1775,WR,1,40.00
mem_full_test,0,0,1777,WR,1,40.00
mem_full_test,0,0,1779,WR,1,40.00
mem_full_test,0,0,1781,WR,1,40.00
mem_full_test,0,0,1783,WR,3,40.00
mem_full_test,0,0,1785,WR,0,40.00
mem_full_test,0,0,1787,WR,2,40.00
mem_full_test,0,0,1789,WR,2,40.00
mem_full_test,0,0,1791,WR,1,40.00
mem_full_test,0,0,1793,WR,0,40.00
mem_full_test,0,0,1795,WR,2,40.00
mem_full_test,0,0,1797,WR,3,40.00
mem_full_test,0,0,1799,WR,2,40.00
mem_full_test,0,0,1801,WR,3,40.00
mem_full_test,0,0,1803,WR,3,40.00
mem_full_test,0,0,1805,WR,3,50.00
mem_full_test,0,0,1807,WR,2,40.00
mem_full_test,0,0,1809,WR,1,40.00
mem_full_test,0,0,1811,WR,3,40.00
mem_full_test,0,0,1813,WR,3,50.00
mem_full_test,0,0,1815,WR,0,40.00
mem_full_test,0,0,1817,WR,3,40.00
mem_full_test,0,0,1819,WR,1,40.00
mem_full_test,0,0,1821,WR,1,40.00
mem_full_test,0,0,1823,WR,2,40.00
mem_full_test,0,0,1825,WR,1,40.00
mem_full_test,0,0,1827,WR,2,40.00
mem_full_test,0,0,1829,WR,1,40.00
mem_full_test,0,0,1831,WR,3,40.00
mem_full_test,0,0,1833,WR,1,40.00
mem_full_test,0,0,1835,WR,3,40.00
mem_full_test,0,0,1837,WR,3,50.00
mem_full_test,0,0,1839,WR,2,50.00
mem_full_test,0,0,1841,WR,0,40.00
mem_full_test,0,0,1843,WR,3,40.00
mem_full_test,0,0,1845,WR,1,40.00
mem_full_test,0,0,1847,WR,1,40.00
mem_full_test,0,0,1849,WR,0,40.00
mem_full_test,0,0,1851,WR,3,40.00
mem_full_test,0,0,1853,WR,0,40.00
mem_full_test,0,0,1855,WR,0,50.00
mem_full_test,0,0,1857,WR,1,40.00
mem_full_test,0,0,1859,WR,1,40.00
mem_full_test,0,0,1861,WR,1,40.00
mem_full_test,0,0,1863,WR,1,40.00
mem_full_test,0,0,1865,WR,0,40.00
mem_full_test,0,0,1867,WR,1,40.00
mem_full_test,0,0,1869,WR,0,40.00
mem_full_test,0,0,1871,WR,1,40.00
mem_full_test,0,0,1873,WR,0,40.00
mem_full_test,0,0,1875,WR,1,40.00
mem_full_test,0,0,1877,WR,2,40.00
mem_full_test,0,0,1879,WR,3,40.00
mem_full_test,0,0,1881,WR,3,40.00
mem_full_test,0,0,1883,WR,1,40.00
mem_full_test,0,0,1885,WR,1,40.00
mem_full_test,0,0,1887,WR,0,40.00
mem_full_test,0,0,1889,WR,2,40.00
mem_full_test,0,0,1891,WR,3,40.00
mem_full_test,0,0,1893,WR,1,40.00
mem_full_test,0,0,1895,WR,1,40.00
mem_full_test,0,0,1897,WR,2,40.00
mem_full_test,0,0,1899,WR,3,40.00
mem_full_test,0,0,1901,WR,0,40.00
mem_full_test,0,0,1903,WR,2,40.00
mem_full_test,0,0,1905,WR,1,40.00
mem_full_test,0,0,1907,WR,2,40.00
mem_full_test,0,0,1909,WR,0,40.00
mem_full_test,0,0,1911,WR,3,40.00
mem_full_test,0,0,1913,WR,1,40.00
mem_full_test,0,0,1915,WR,2,40.00
mem_full_test,0,0,1917,WR,0,40.00
mem_full_test,0,0,1919,WR,0,50.00
mem_full_test,0,0,1921,WR,1,40.00
mem_full_test,0,0,1923,WR,1,40.00
mem_full_test,0,0,1925,WR,1,40.00
mem_full_test,0,0,1927,WR,3,40.00
mem_full_test,0,0,1929,WR,3,40.00
mem_full_test,0,0,1931,WR,1,40.00
mem_full_test,0,0,1933,WR,1,40.00
mem_full_test,0,0,1935,WR,0,40.00
mem_full_test,0,0,1937,WR,3,40.00
mem_full_test,0,0,1939,WR,1,40.00
mem_full_test,0,0,1941,WR,3,40.00
mem_full_test,0,0,1943,WR,2,40.00
mem_full_test,0,0,1945,WR,3,40.00
mem_full_test,0,0,1947,WR,2,40.00
mem_full_test,0,0,1949,WR,1,40.00
mem_full_test,0,0,1951,WR,1,40.00
mem_full_test,0,0,1953,WR,3,40.00
mem_full_test,0,0,1955,WR,2,40.00
mem_full_test,0,0,1957,WR,1,40.00
mem_full_test,0,0,1959,WR,2,40.00
mem_full_test,0,0,1961,WR,2,40.00
mem_full_test,0,0,1963,WR,3,40.00
mem_full_test,0,0,1965,WR,0,40.00
mem_full_test,0,0,1967,WR,2,40.00
mem_full_test,0,0,1969,WR,2,40.00
mem_full_test,0,0,1971,WR,0,40.00
mem_full_test,0,0,1973,WR,2,40.00
mem_full_test,0,0,1975,WR,0,40.00
mem_full_test,0,0,1977,WR,3,40.00
mem_full_test,0,0,1979,WR,1,40.00
mem_full_test,0,0,1981,WR,0,40.00
mem_full_test,0,0,1983,WR,0,40.00
mem_full_test,0,0,1985,WR,2,40.00
mem_full_test,0,0,1987,WR,2,40.00
mem_full_test,0,0,1989,WR,2,40.00
mem_full_test,0,0,1991,WR,2,40.00
mem_full_test,0,0,1993,WR,3,40.00
mem_full_test,0,0,1995,WR,0,40.00
mem_full_test,0,0,1997,WR,0,50.00
mem_full_test,0,0,1999,WR,1,40.00
mem_full_test,0,0,2001,WR,0,40.00
mem_full_test,0,0,2003,WR,3,40.00
mem_full_test,0,0,2005,WR,0,40.00
mem_full_test,0,0,2007,WR,3,40.00
mem_full_test,0,0,2009,WR,1,40.00
mem_full_test,0,0,2011,WR,1,40.00
mem_full_test,0,0,2013,WR,1,50.00
mem_full_test,0,0,2015,WR,0,40.00
mem_full_test,0,0,2017,WR,0,40.00
mem_full_test,0,0,2019,WR,2,40.00
mem_full_test,0,0,2021,WR,-1,2370.00
mem_full_test,0,0,2023,WR,-1,2380.00
mem_full_test,0,0,2025,WR,-1,2360.00
mem_full_test,0,0,2027,WR,-1,2380.00
mem_full_test,0,0,2029,WR,-1,2390.00
mem_full_test,0,0,2031,WR,-1,2420.00
mem_full_test,0,0,2033,WR,-1,2450.00
mem_full_test,0,0,2035,WR,-1,2440.00
mem_full_test,0,0,2037,WR,-1,2440.00
mem_full_test,0,0,2039,WR,-1,2410.00
mem_full_test,0,0,2041,WR,-1,2410.00
mem_full_test,0,0,2043,WR,-1,2370.00
mem_full_test,0,0,2045,WR,-1,2360.00
mem_full_test,0,0,2047,WR,-1,2370.00
mem_full_test,0,0,2049,WR,-1,2380.00
mem_full_test,0,0,2051,WR,-1,2350.00
mem_full_test,0,0,2053,WR,-1,2330.00
mem_full_test,0,0,2055,WR,-1,2330.00
mem_full_test,0,0,2057,WR,-1,2320.00
mem_full_test,0,0,2059,WR,-1,2340.00
mem_full_test,0,0,2061,WR,-1,2330.00
mem_full_test,0,0,2063,WR,-1,2290.00
mem_full_test,0,0,2065,WR,-1,2290.00
mem_full_test,0,0,2067,WR,-1,2290.00
mem_full_test,0,0,2069,WR,-1,2300.00
mem_full_test,0,0,2071,WR,-1,2330.00
mem_full_test,0,0,2073,WR,-1,2320.00
mem_full_test,0,0,2075,WR,-1,2320.00
mem_full_test,0,0,2077,WR,-1,2300.00
mem_full_test,0,0,2079,WR,-1,2280.00
mem_full_test,0,0,2081,WR,-1,2260.00
mem_full_test,0,0,2083,WR,-1,2260.00
mem_full_test,0,0,2085,WR,-1,2240.00
mem_full_test,0,0,2087,WR,-1,2200.00
mem_full_test,0,0,2089,WR,-1,2200.00
mem_full_test,0,0,2091,WR,-1,2170.00
mem_full_test,0,0,2093,WR,-1,2180.00
mem_full_test,0,0,2095,WR,-1,2190.00
mem_full_test,0,0,2097,WR,-1,2180.00
mem_full_test,0,0,2099,WR,-1,2210.00
mem_full_test,0,0,2101,WR,-1,2190.00
mem_full_test,0,0,2103,WR,-1,2220.00
mem_full_test,0,0,2105,WR,-1,2260.00
mem_full_test,0,0,2107,WR,-1,2250.00
mem_full_test,0,0,2109,WR,-1,2210.00
mem_full_test,0,0,2111,WR,-1,2220.00
mem_full_test,0,0,2113,WR,-1,2200.00
mem_full_test,0,0,2115,WR,-1,2200.00
mem_full_test,0,0,2117,WR,-1,2190.00
mem_full_test,0,0,2119,WR,3,2200.00
mem_full_test,0,0,2121,WR,2,2180.00
mem_full_test,0,0,2123,WR,0,2200.00
mem_full_test,0,0,2125,WR,0,2200.00
mem_full_test,0,0,2127,WR,3,2180.00
mem_full_test,0,0,2129,WR,2,2140.00
mem_full_test,0,0,2131,WR,3,2120.00
mem_full_test,0,0,2133,WR,0,2150.00
mem_full_test,0,0,2135,WR,1,2150.00
mem_full_test,0,0,2137,WR,2,2180.00
mem_full_test,0,0,2139,WR,2,2210.00
mem_full_test,0,0,2141,WR,2,2230.00
mem_full_test,0,0,2143,WR,2,2230.00
mem_full_test,0,0,2145,WR,1,2250.00
mem_full_test,0,0,2147,WR,2,2250.00
mem_full_test,0,0,2149,WR,0,2280.00
mem_full_test,0,0,2151,WR,0,2310.00
mem_full_test,0,0,2153,WR,1,2310.00
mem_full_test,0,0,2155,WR,3,2320.00
mem_full_test,0,0,2157,WR,3,2310.00
mem_full_test,0,0,2159,WR,1,2300.00
mem_full_test,0,0,2161,WR,3,2300.00
mem_full_test,0,0,2163,WR,3,2260.00
mem_full_test,0,0,2165,WR,3,2260.00
mem_full_test,0,0,2167,WR,3,2280.00
mem_full_test,0,0,2169,WR,1,2290.00
mem_full_test,0,0,2171,WR,1,2340.00
mem_full_test,0,0,2173,WR,3,2330.00
mem_full_test,0,0,2175,WR,0,2330.00
mem_full_test,0,0,2177,WR,0,2300.00
mem_full_test,0,0,2179,WR,1,2330.00
mem_full_test,0,0,2181,WR,1,2340.00
mem_full_test,0,0,2183,WR,1,2380.00
mem_full_test,0,0,2185,WR,1,2410.00
mem_full_test,0,0,2187,WR,2,2410.00
mem_full_test,0,0,2189,WR,1,2430.00
mem_full_test,0,0,2191,WR,3,2410.00
mem_full_test,0,0,2193,WR,0,2400.00
mem_full_test,0,0,2195,WR,2,2380.00
mem_full_test,0,0,2197,WR,2,2360.00
mem_full_test,0,0,2199,WR,2,2380.00
mem_full_test,0,0,2201,WR,1,2380.00
mem_full_test,0,0,2203,WR,2,2330.00
mem_full_test,0,0,2205,WR,2,2330.00
mem_full_test,0,0,2207,WR,2,2340.00
mem_full_test,0,0,2209,WR,3,2330.00
mem_full_test,0,0,2211,WR,0,2360.00
mem_full_test,0,0,2213,WR,3,2360.00
mem_full_test,0,0,2215,WR,1,2360.00
mem_full_test,0,0,2217,WR,0,2360.00
mem_full_test,0,0,2219,WR,0,2400.00
mem_full_test,0,0,2221,WR,2,2410.00
mem_full_test,0,0,2223,WR,0,2400.00
mem_full_test,0,0,2225,WR,2,2390.00
mem_full_test,0,0,2227,WR,2,2440.00
mem_full_test,0,0,2229,WR,2,2480.00
mem_full_test,0,0,2231,WR,2,2470.00
mem_full_test,0,0,2233,WR,0,2450.00
mem_full_test,0,0,2235,WR,2,2420.00
mem_full_test,0,0,2237,WR,2,2430.00
mem_full_test,0,0,2239,WR,0,2440.00
mem_full_test,0,0,2241,WR,2,2440.00
mem_full_test,0,0,2243,WR,3,2440.00
mem_full_test,0,0,2245,WR,3,2410.00
mem_full_test,0,0,2247,WR,2,2370.00
mem_full_test,0,0,2249,WR,0,2340.00
mem_full_test,0,0,2251,WR,2,2320.00
mem_full_test,0,0,2253,WR,2,2330.00
mem_full_test,0,0,2255,WR,1,2360.00
mem_full_test,0,0,2257,WR,1,2400.00
mem_full_test,0,0,2259,WR,3,2440.00
mem_full_test,0,0,2261,WR,2,2470.00
mem_full_test,0,0,2263,WR,2,2510.00
mem_full_test,0,0,2265,WR,2,2520.00
mem_full_test,0,0,2267,WR,1,2480.00
mem_full_test,0,0,2269,WR,3,2440.00
mem_full_test,0,0,2271,WR,1,2400.00
mem_full_test,0,0,2273,WR,1,2410.00
mem_full_test,0,0,2275,WR,2,2450.00
mem_full_test,0,0,2277,WR,1,2410.00
mem_full_test,0,0,2279,WR,1,2410.00
mem_full_test,0,0,2281,WR,3,2390.00
mem_full_test,0,0,2283,WR,3,2380.00
mem_full_test,0,0,2285,WR,0,2350.00
mem_full_test,0,0,2287,WR,1,2360.00
mem_full_test,0,0,2289,WR,2,2370.00
mem_full_test,0,0,2291,WR,0,2400.00
mem_full_test,0,0,2293,WR,1,2420.00
mem_full_test,0,0,2295,WR,0,2400.00
mem_full_test,0,0,2297,WR,2,2370.00
mem_full_test,0,0,2299,WR,3,2360.00
mem_full_test,0,0,2301,WR,2,2400.00
mem_full_test,0,0,2303,WR,1,2360.00
mem_full_test,0,0,2305,WR,1,2370.00
mem_full_test,0,0,2307,WR,0,2410.00
mem_full_test,0,0,2309,WR,0,2420.00
mem_full_test,0,0,2311,WR,3,2440.00
mem_full_test,0,0,2313,WR,1,2430.00
mem_full_test,0,0,2315,WR,3,2470.00
mem_full_test,0,0,2317,WR,1,2450.00
mem_full_test,0,0,2319,WR,3,2440.00
mem_full_test,0,0,2321,WR,1,2420.00
mem_full_test,0,0,2323,WR,0,2420.00
mem_full_test,0,0,2325,WR,2,2370.00
mem_full_test,0,0,2327,WR,1,2380.00
mem_full_test,0,0,2329,WR,0,2360.00
mem_full_test,0,0,2331,WR,2,2340.00
mem_full_test,0,0,2333,WR,0,2350.00
mem_full_test,0,0,2335,WR,2,2310.00
mem_full_test,0,0,2337,WR,3,2290.00
mem_full_test,0,0,2339,WR,0,2280.00
mem_full_test,0,0,2341,WR,0,2280.00
mem_full_test,0,0,2343,WR,3,2260.00
mem_full_test,0,0,2345,WR,3,2270.00
mem_full_test,0,0,2347,WR,0,2290.00
mem_full_test,0,0,2349,WR,0,2310.00
mem_full_test,0,0,2351,WR,0,2260.00
mem_full_test,0,0,2353,WR,3,2230.00
mem_full_test,0,0,2355,WR,0,2240.00
mem_full_test,0,0,2357,WR,1,2210.00
mem_full_test,0,0,2359,WR,0,2170.00
mem_full_test,0,0,2361,WR,1,2180.00
mem_full_test,0,0,2363,WR,3,2180.00
mem_full_test,0,0,2365,WR,3,2190.00
mem_full_test,0,0,2367,WR,0,2170.00
mem_full_test,0,0,2369,WR,1,2200.00
mem_full_test,0,0,2371,WR,2,2190.00
mem_full_test,0,0,2373,WR,1,2180.00
mem_full_test,0,0,2375,WR,2,2200.00
mem_full_test,0,0,2377,WR,0,2220.00
mem_full_test,0,0,2379,WR,1,2230.00
mem_full_test,0,0,2381,WR,2,2230.00
mem_full_test,0,0,2383,WR,2,2240.00
mem_full_test,0,0,2385,WR,0,2230.00
mem_full_test,0,0,2387,WR,2,2260.00
mem_full_test,0,0,2389,WR,3,2270.00
mem_full_test,0,0,2391,WR,3,2270.00
mem_full_test,0,0,2393,WR,2,2300.00
mem_full_test,0,0,2395,WR,2,2320.00
mem_full_test,0,0,2397,WR,2,2340.00
mem_full_test,0,0,2399,WR,1,2320.00
mem_full_test,0,0,2401,WR,2,2370.00
mem_full_test,0,0,2403,WR,1,2380.00
mem_full_test,0,0,2405,WR,3,2350.00
mem_full_test,0,0,2407,WR,1,2360.00
mem_full_test,0,0,2409,WR,3,2320.00
mem_full_test,0,0,2411,WR,0,2340.00
mem_full_test,0,0,2413,WR,2,2340.00
mem_full_test,0,0,2415,WR,3,2350.00
mem_full_test,0,0,2417,WR,0,2350.00
mem_full_test,0,0,2419,WR,1,2390.00
mem_full_test,0,0,2421,WR,1,2390.00
mem_full_test,0,0,2423,WR,2,2410.00
mem_full_test,0,0,2425,WR,3,2370.00
mem_full_test,0,0,2427,WR,3,2400.00
mem_full_test,0,0,2429,WR,2,2410.00
mem_full_test,0,0,2431,WR,2,2410.00
mem_full_test,0,0,2433,WR,2,2410.00
mem_full_test,0,0,2435,WR,1,2390.00
mem_full_test,0,0,2437,WR,1,2390.00
mem_full_test,0,0,2439,WR,1,2400.00
mem_full_test,0,0,2441,WR,3,2440.00
mem_full_test,0,0,2443,WR,0,2450.00
mem_full_test,0,0,2445,WR,0,2420.00
mem_full_test,0,0,2447,WR,2,2410.00
mem_full_test,0,0,2449,WR,3,2440.00
mem_full_test,0,0,2451,WR,2,2440.00
mem_full_test,0,0,2453,WR,3,2400.00
mem_full_test,0,0,2455,WR,3,2440.00
mem_full_test,0,0,2457,WR,1,2470.00
mem_full_test,0,0,2459,WR,2,2420.00
mem_full_test,0,0,2461,WR,0,2390.00
mem_full_test,0,0,2463,WR,0,2390.00
mem_full_test,0,0,2465,WR,1,2380.00
mem_full_test,0,0,2467,WR,3,2380.00
mem_full_test,0,0,2469,WR,0,2370.00
mem_full_test,0,0,2471,WR,1,2380.00
mem_full_test,0,0,2473,WR,3,2350.00
mem_full_test,0,0,2475,WR,1,2300.00
mem_full_test,0,0,2477,WR,2,2310.00
mem_full_test,0,0,2479,WR,1,2290.00
mem_full_test,0,0,2481,WR,0,2280.00
mem_full_test,0,0,2483,WR,0,2240.00
mem_full_test,0,0,2485,WR,1,2240.00
mem_full_test,0,0,2487,WR,3,2250.00
mem_full_test,0,0,2489,WR,2,2220.00
mem_full_test,0,0,2491,WR,1,2240.00
mem_full_test,0,0,2493,WR,0,2240.00
mem_full_test,0,0,2495,WR,0,2190.00
mem_full_test,0,0,2497,WR,3,2180.00
mem_full_test,0,0,2499,WR,0,2140.00
mem_full_test,0,0,2501,WR,2,2140.00
mem_full_test,0,0,2503,WR,1,2160.00
mem_full_test,0,0,2505,WR,3,2160.00
mem_full_test,0,0,2507,WR,3,2150.00
mem_full_test,0,0,2509,WR,3,2150.00
mem_full_test,0,0,2511,WR,2,2120.00
mem_full_test,0,0,2513,WR,3,2090.00
mem_full_test,0,0,2515,WR,0,2100.00
mem_full_test,0,0,2517,WR,1,2060.00
mem_full_test,0,0,2519,WR,2,2100.00
mem_full_test,0,0,2521,WR,3,2120.00
mem_full_test,0,0,2523,WR,0,2110.00
mem_full_test,0,0,2525,WR,1,2110.00
mem_full_test,0,0,2527,WR,2,2140.00
mem_full_test,0,0,2529,WR,3,2180.00
mem_full_test,0,0,2531,WR,0,2200.00
mem_full_test,0,0,2533,WR,1,2250.00
mem_full_test,0,0,2535,WR,2,2260.00
mem_full_test,0,0,2537,WR,3,2240.00
mem_full_test,0,0,2539,WR,0,2230.00
mem_full_test,0,0,2541,WR,1,2250.00
mem_full_test,0,0,2543,WR,2,2280.00
mem_full_test,0,0,2643,RD,2,60.00
mem_full_test,0,0,2645,RD,0,60.00
mem_full_test,0,0,2647,RD,3,60.00
mem_full_test,0,0,2649,RD,2,60.00
mem_full_test,0,0,2651,RD,0,60.00
mem_full_test,0,0,2653,RD,3,60.00
mem_full_test,0,0,2655,RD,2,60.00
mem_full_test,0,0,2657,RD,0,60.00
mem_full_test,0,0,2659,RD,1,60.00
mem_full_test,0,0,2661,RD,1,60.00
mem_full_test,0,0,2663,RD,0,60.00
mem_full_test,0,0,2665,RD,2,60.00
mem_full_test,0,0,2667,RD,1,60.00
mem_full_test,0,0,2669,RD,0,60.00
mem_full_test,0,0,2671,RD,2,60.00
mem_full_test,0,0,2673,RD,0,60.00
mem_full_test,0,0,2675,RD,1,60.00
mem_full_test,0,0,2677,RD,0,60.00
mem_full_test,0,0,2679,RD,3,60.00
mem_full_test,0,0,2681,RD,2,60.00
mem_full_test,0,0,2683,RD,0,60.00
mem_full_test,0,0,2685,RD,2,60.00
mem_full_test,0,0,2687,RD,1,60.00
mem_full_test,0,0,2689,RD,3,60.00
mem_full_test,0,0,2691,RD,3,60.00
mem_full_test,0,0,2693,RD,3,60.00
mem_full_test,0,0,2695,RD,0,60.00
mem_full_test,0,0,2697,RD,0,70.00
mem_full_test,0,0,2699,RD,1,60.00
mem_full_test,0,0,2701,RD,1,70.00
mem_full_test,0,0,2703,RD,2,60.00
mem_full_test,0,0,2705,RD,0,60.00
mem_full_test,0,0,2707,RD,2,60.00
mem_full_test,0,0,2709,RD,2,60.00
mem_full_test,0,0,2711,RD,3,60.00
mem_full_test,0,0,2713,RD,1,60.00
mem_full_test,0,0,2715,RD,3,60.00
mem_full_test,0,0,2717,RD,0,60.00
mem_full_test,0,0,2719,RD,3,60.00
mem_full_test,0,0,2721,RD,1,60.00
mem_full_test,0,0,2723,RD,1,60.00
mem_full_test,0,0,2725,RD,3,60.00
mem_full_test,0,0,2727,RD,0,60.00
mem_full_test,0,0,2729,RD,3,60.00
mem_full_test,0,0,2731,RD,3,60.00
mem_full_test,0,0,2733,RD,0,60.00
mem_full_test,0,0,2735,RD,1,60.00
mem_full_test,0,0,2737,RD,0,60.00
mem_full_test,0,0,2739,RD,0,60.00
mem_full_test,0,0,2741,RD,3,60.00
mem_full_test,0,0,2743,RD,2,60.00
mem_full_test,0,0,2745,RD,3,60.00
mem_full_test,0,0,2747,RD,3,60.00
mem_full_test,0,0,2749,RD,3,60.00
mem_full_test,0,0,2751,RD,3,60.00
mem_full_test,0,0,2753,RD,2,60.00
mem_full_test,0,0,2755,RD,2,70.00
mem_full_test,0,0,2757,RD,2,60.00
mem_full_test,0,0,2759,RD,0,60.00
mem_full_test,0,0,2761,RD,1,60.00
mem_full_test,0,0,2763,RD,2,60.00
mem_full_test,0,0,2765,RD,2,60.00
mem_full_test,0,0,2767,RD,1,60.00
mem_full_test,0,0,2769,RD,0,60.00
mem_full_test,0,0,2771,RD,0,60.00
mem_full_test,0,0,2773,RD,0,60.00
mem_full_test,0,0,2775,RD,0,70.00
mem_full_test,0,0,2777,RD,0,60.00
mem_full_test,0,0,2779,RD,0,60.00
mem_full_test,0,0,2781,RD,1,60.00
mem_full_test,0,0,2783,RD,3,60.00
mem_full_test,0,0,2785,RD,0,60.00
mem_full_test,0,0,2787,RD,0,60.00
mem_full_test,0,0,2789,RD,0,70.00
mem_full_test,0,0,2791,RD,3,60.00
mem_full_test,0,0,2793,RD,0,60.00
mem_full_test,0,0,2795,RD,2,60.00
mem_full_test,0,0,2797,RD,2,60.00
mem_full_test,0,0,2799,RD,2,60.00
mem_full_test,0,0,2801,RD,0,60.00
mem_full_test,0,0,2803,RD,1,60.00
mem_full_test,0,0,2805,RD,1,60.00
mem_full_test,0,0,2807,RD,1,60.00
mem_full_test,0,0,2809,RD,3,60.00
mem_full_test,0,0,2811,RD,3,70.00
mem_full_test,0,0,2813,RD,1,60.00
mem_full_test,0,0,2815,RD,3,60.00
mem_full_test,0,0,2817,RD,2,60.00
mem_full_test,0,0,2819,RD,1,60.00
mem_full_test,0,0,2821,RD,1,60.00
mem_full_test,0,0,2823,RD,0,60.00
mem_full_test,0,0,2825,RD,0,60.00
mem_full_test,0,0,2827,RD,1,60.00
mem_full_test,0,0,2829,RD,0,60.00
mem_full_test,0,0,2831,RD,0,70.00
mem_full_test,0,0,2833,RD,3,60.00
mem_full_test,0,0,2835,RD,2,60.00
mem_full_test,0,0,2837,RD,0,60.00
mem_full_test,0,0,2839,RD,0,60.00
mem_full_test,0,0,2841,RD,2,60.00
mem_full_test,0,0,2843,RD,1,60.00
mem_full_test,0,0,2845,RD,0,60.00
mem_full_test,0,0,2847,RD,2,60.00
mem_full_test,0,0,2849,RD,2,70.00
mem_full_test,0,0,2851,RD,3,60.00
mem_full_test,0,0,2853,RD,3,60.00
mem_full_test,0,0,2855,RD,1,60.00
mem_full_test,0,0,2857,RD,1,60.00
mem_full_test,0,0,2859,RD,2,60.00
mem_full_test,0,0,2861,RD,0,60.00
mem_full_test,0,0,2863,RD,2,60.00
mem_full_test,0,0,2865,RD,0,60.00
mem_full_test,0,0,2867,RD,0,60.00
mem_full_test,0,0,2869,RD,0,60.00
mem_full_test,0,0,2871,RD,0,60.00
mem_full_test,0,0,2873,RD,0,60.00
mem_full_test,0,0,2875,RD,0,60.00
mem_full_test,0,0,2877,RD,0,70.00
mem_full_test,0,0,2879,RD,0,60.00
mem_full_test,0,0,2881,RD,0,60.00
mem_full_test,0,0,2883,RD,0,60.00
mem_full_test,0,0,2885,RD,0,60.00
mem_full_test,0,0,2887,RD,0,60.00
mem_full_test,0,0,2889,RD,0,60.00
mem_full_test,0,0,2891,RD,0,60.00
mem_full_test,0,0,2893,RD,0,60.00
mem_full_test,0,0,2895,RD,0,60.00
mem_full_test,0,0,2897,RD,0,60.00
mem_full_test,0,0,2899,RD,0,60.00
mem_full_test,0,0,2901,RD,0,60.00
mem_full_test,0,0,2903,RD,0,60.00
mem_full_test,0,0,2905,RD,0,60.00
mem_full_test,0,0,2907,RD,0,60.00
mem_full_test,0,0,2909,RD,0,60.00
mem_full_test,0,0,2911,RD,0,60.00
mem_full_test,0,0,2913,RD,0,70.00
mem_full_test,0,0,2915,RD,0,60.00
mem_full_test,0,0,2917,RD,0,60.00
mem_full_test,0,0,2919,RD,0,70.00
mem_full_test,0,0,2921,RD,0,60.00
mem_full_test,0,0,2923,RD,0,60.00
mem_full_test,0,0,2925,RD,0,60.00
mem_full_test,0,0,2927,RD,0,60.00
mem_full_test,0,0,2929,RD,0,60.00
mem_full_test,0,0,2931,RD,0,60.00
mem_full_test,0,0,2933,RD,0,60.00
mem_full_test,0,0,2935,RD,0,60.00
mem_full_test,0,0,2937,RD,0,60.00
mem_full_test,0,0,2939,RD,0,70.00
mem_full_test,0,0,2941,RD,0,60.00
mem_full_test,0,0,2943,RD,0,70.00
mem_full_test,0,0,2945,RD,0,80.00
mem_full_test,0,0,2947,RD,0,90.00
mem_full_test,0,0,2949,RD,0,100.00
mem_full_test,0,0,2951,RD,0,60.00
mem_full_test,0,0,2953,RD,0,60.00
mem_full_test,0,0,2955,RD,0,60.00
mem_full_test,0,0,2957,RD,0,60.00
mem_full_test,0,0,2959,RD,0,60.00
mem_full_test,0,0,2961,RD,0,70.00
mem_full_test,0,0,2963,RD,0,60.00
mem_full_test,0,0,2965,RD,0,60.00
mem_full_test,0,0,2967,RD,0,60.00
mem_full_test,0,0,2969,RD,0,60.00
mem_full_test,0,0,2971,RD,0,60.00
mem_full_test,0,0,2973,RD,0,70.00
mem_full_test,0,0,2975,RD,0,60.00
mem_full_test,0,0,2977,RD,0,70.00
mem_full_test,0,0,2979,RD,0,60.00
mem_full_test,0,0,2981,RD,0,60.00
mem_full_test,0,0,2983,RD,0,60.00
mem_full_test,0,0,2985,RD,0,60.00
mem_full_test,0,0,2987,RD,0,70.00
mem_full_test,0,0,2989,RD,0,60.00
mem_full_test,0,0,2991,RD,0,60.00
mem_full_test,0,0,2993,RD,0,60.00
mem_full_test,0,0,2995,RD,0,60.00
mem_full_test,0,0,2997,RD,0,60.00
mem_full_test,0,0,2999,RD,0,70.00
mem_full_test,0,0,3001,RD,0,60.00
mem_full_test,0,0,3003,RD,0,60.00
mem_full_test,0,0,3005,RD,0,60.00
mem_full_test,0,0,3007,RD,0,60.00
mem_full_test,0,0,3009,RD,0,60.00
mem_full_test,0,0,3011,RD,0,60.00
mem_full_test,0,0,3013,RD,0,60.00
mem_full_test,0,0,3015,RD,0,60.00
mem_full_test,0,0,3017,RD,0,60.00
mem_full_test,0,0,3019,RD,0,60.00
mem_full_test,0,0,3021,RD,0,60.00
mem_full_test,0,0,3023,RD,0,60.00
mem_full_test,0,0,3025,RD,0,70.00
mem_full_test,0,0,3027,RD,0,60.00
mem_full_test,0,0,3029,RD,0,60.00
mem_full_test,0,0,3031,RD,0,60.00
mem_full_test,0,0,3033,RD,0,60.00
mem_full_test,0,0,3035,RD,0,60.00
mem_full_test,0,0,3037,RD,0,60.00
mem_full_test,0,0,3039,RD,0,60.00
mem_full_test,0,0,3041,RD,0,60.00
mem_full_test,0,0,3043,RD,0,70.00
mem_full_test,0,0,3045,RD,0,60.00
mem_full_test,0,0,3047,RD,0,70.00
mem_full_test,0,0,3049,RD,0,60.00
mem_full_test,0,0,3051,RD,0,60.00
mem_full_test,0,0,3053,RD,0,60.00
mem_full_test,0,0,3055,RD,0,60.00
mem_full_test,0,0,3057,RD,0,60.00
mem_full_test,0,0,3059,RD,0,60.00
mem_full_test,0,0,3061,RD,0,60.00
mem_full_test,0,0,3063,RD,0,70.00
mem_full_test,0,0,3065,RD,0,60.00
mem_full_test,0,0,3067,RD,0,60.00
mem_full_test,0,0,3069,RD,0,60.00
mem_full_test,0,0,3071,RD,0,60.00
mem_full_test,0,0,3073,RD,0,60.00
mem_full_test,0,0,3075,RD,0,60.00
mem_full_test,0,0,3077,RD,0,60.00
mem_full_test,0,0,3079,RD,0,60.00
mem_full_test,0,0,3081,RD,0,60.00
mem_full_test,0,0,3083,RD,0,70.00
mem_full_test,0,0,3085,RD,0,60.00
mem_full_test,0,0,3087,RD,0,60.00
mem_full_test,0,0,3089,RD,0,60.00
mem_full_test,0,0,3091,RD,0,60.00
mem_full_test,0,0,3093,RD,0,60.00
mem_full_test,0,0,3095,RD,0,60.00
mem_full_test,0,0,3097,RD,0,60.00
mem_full_test,0,0,3099,RD,0,60.00
mem_full_test,0,0,3101,RD,0,60.00
mem_full_test,0,0,3103,RD,0,60.00
mem_full_test,0,0,3105,RD,0,60.00
mem_full_test,0,0,3107,RD,0,60.00
mem_full_test,0,0,3109,RD,0,60.00
mem_full_test,0,0,3111,RD,0,60.00
mem_full_test,0,0,3113,RD,0,60.00
mem_full_test,0,0,3115,RD,0,70.00
mem_full_test,0,0,3117,RD,0,60.00
mem_full_test,0,0,3119,RD,0,60.00
mem_full_test,0,0,3121,RD,0,60.00
mem_full_test,0,0,3123,RD,0,60.00
mem_full_test,0,0,3125,RD,0,60.00
mem_full_test,0,0,3127,RD,0,60.00
mem_full_test,0,0,3129,RD,0,60.00
mem_full_test,0,0,3131,RD,0,60.00
mem_full_test,0,0,3133,RD,0,60.00
mem_full_test,0,0,3135,RD,0,70.00
mem_full_test,0,0,3137,RD,0,60.00
mem_full_test,0,0,3139,RD,0,70.00
mem_full_test,0,0,3141,RD,0,70.00
mem_full_test,0,0,3143,RD,0,60.00
mem_full_test,0,0,3145,RD,0,60.00
mem_full_test,0,0,3147,RD,0,70.00
mem_full_test,0,0,3149,RD,0,60.00
mem_full_test,0,0,3151,RD,0,60.00
mem_full_test,0,0,3153,RD,0,60.00
mem_full_test,0,0,3155,RD,0,60.00
mem_full_test,0,0,3157,RD,0,60.00
mem_full_test,0,0,3159,RD,0,60.00
mem_full_test,0,0,3161,RD,0,60.00
mem_full_test,0,0,3163,RD,0,70.00
mem_full_test,0,0,3165,RD,0,60.00
mem_full_test,0,0,3167,RD,0,60.00
mem_full_test,0,0,3169,RD,0,60.00
mem_full_test,0,0,3171,RD,0,60.00
mem_full_test,0,0,3173,RD,0,60.00
mem_full_test,0,0,3175,RD,0,60.00
mem_full_test,0,0,3177,RD,0,60.00
mem_full_test,0,0,3179,RD,0,60.00
mem_full_test,0,0,3181,RD,0,60.00
mem_full_test,0,0,3183,RD,0,60.00
mem_full_test,0,0,3185,RD,0,60.00
mem_full_test,0,0,3187,RD,0,60.00
mem_full_test,0,0,3189,RD,0,60.00
mem_full_test,0,0,3191,RD,0,60.00
mem_full_test,0,0,3193,RD,0,60.00
mem_full_test,0,0,3195,RD,0,60.00
mem_full_test,0,0,3197,RD,0,60.00
mem_full_test,0,0,3199,RD,0,60.00
mem_full_test,0,0,3201,RD,0,60.00
mem_full_test,0,0,3203,RD,0,60.00
mem_full_test,0,0,3205,RD,0,60.00
mem_full_test,0,0,3207,RD,0,60.00
mem_full_test,0,0,3209,RD,0,60.00
mem_full_test,0,0,3211,RD,0,70.00
mem_full_test,0,0,3213,RD,0,60.00
mem_full_test,0,0,3215,RD,0,60.00
mem_full_test,0,0,3217,RD,0,60.00
mem_full_test,0,0,3219,RD,0,60.00
mem_full_test,0,0,3221,RD,0,70.00
mem_full_test,0,0,3223,RD,0,60.00
mem_full_test,0,0,3225,RD,0,60.00
mem_full_test,0,0,3227,RD,0,60.00
mem_full_test,0,0,3229,RD,0,60.00
mem_full_test,0,0,3231,RD,0,70.00
mem_full_test,0,0,3233,RD,0,70.00
mem_full_test,0,0,3235,RD,0,60.00
mem_full_test,0,0,3237,RD,0,70.00
mem_full_test,0,0,3239,RD,0,70.00
mem_full_test,0,0,3241,RD,0,60.00
mem_full_test,0,0,3243,RD,0,60.00
mem_full_test,0,0,3245,RD,0,60.00
mem_full_test,0,0,3247,RD,0,60.00
mem_full_test,0,0,3249,RD,0,70.00
mem_full_test,0,0,3251,RD,0,60.00
mem_full_test,0,0,3253,RD,0,60.00
mem_full_test,0,0,3255,RD,0,60.00
mem_full_test,0,0,3257,RD,0,60.00
mem_full_test,0,0,3259,RD,0,60.00
mem_full_test,0,0,3261,RD,0,60.00
mem_full_test,0,0,3263,RD,0,60.00
mem_full_test,0,0,3265,RD,0,60.00
mem_full_test,0,0,3267,RD,0,60.00
mem_full_test,0,0,3269,RD,0,60.00
mem_full_test,0,0,3271,RD,0,60.00
mem_full_test,0,0,3273,RD,0,60.00
mem_full_test,0,0,3275,RD,0,60.00
mem_full_test,0,0,3277,RD,0,60.00
mem_full_test,0,0,3279,RD,0,60.00
mem_full_test,0,0,3281,RD,0,60.00
mem_full_test,0,0,3283,RD,0,70.00
mem_full_test,0,0,3285,RD,0,60.00
mem_full_test,0,0,3287,RD,0,60.00
mem_full_test,0,0,3289,RD,0,60.00
mem_full_test,0,0,3291,RD,0,60.00
mem_full_test,0,0,3293,RD,0,60.00
mem_full_test,0,0,3295,RD,0,60.00
mem_full_test,0,0,3297,RD,0,60.00
mem_full_test,0,0,3299,RD,0,60.00
mem_full_test,0,0,3301,RD,0,60.00
mem_full_test,0,0,3303,RD,0,60.00
mem_full_test,0,0,3305,RD,0,60.00
mem_full_test,0,0,3307,RD,0,60.00
mem_full_test,0,0,3309,RD,0,60.00
mem_full_test,0,0,3311,RD,0,60.00
mem_full_test,0,0,3313,RD,0,60.00
mem_full_test,0,0,3315,RD,0,60.00
mem_full_test,0,0,3317,RD,0,70.00
mem_full_test,0,0,3319,RD,0,60.00
mem_full_test,0,0,3321,RD,0,60.00
mem_full_test,0,0,3323,RD,0,60.00
mem_full_test,0,0,3325,RD,0,60.00
mem_full_test,0,0,3327,RD,0,70.00
mem_full_test,0,0,3329,RD,0,70.00
mem_full_test,0,0,3331,RD,0,70.00
mem_full_test,0,0,3333,RD,0,70.00
mem_full_test,0,0,3335,RD,0,60.00
mem_full_test,0,0,3337,RD,0,70.00
mem_full_test,0,0,3339,RD,0,70.00
mem_full_test,0,0,3341,RD,0,70.00
mem_full_test,0,0,3343,RD,0,60.00
mem_full_test,0,0,3345,RD,0,70.00
mem_full_test,0,0,3347,RD,0,60.00
mem_full_test,0,0,3349,RD,0,60.00
mem_full_test,0,0,3351,RD,0,60.00
mem_full_test,0,0,3353,RD,0,60.00
mem_full_test,0,0,3355,RD,0,60.00
mem_full_test,0,0,3357,RD,0,60.00
mem_full_test,0,0,3359,RD,0,60.00
mem_full_test,0,0,3361,RD,0,60.00
mem_full_test,0,0,3363,RD,1,60.00
mem_full_test,0,0,3365,RD,1,60.00
mem_full_test,0,0,3367,RD,1,60.00
mem_full_test,0,0,3369,RD,1,60.00
mem_full_test,0,0,3371,RD,1,60.00
mem_full_test,0,0,3373,RD,1,60.00
mem_full_test,0,0,3375,RD,1,60.00
mem_full_test,0,0,3377,RD,1,60.00
mem_full_test,0,0,3379,RD,1,70.00
mem_full_test,0,0,3381,RD,1,80.00
mem_full_test,0,0,3383,RD,1,80.00
mem_full_test,0,0,3385,RD,1,70.00
mem_full_test,0,0,3387,RD,1,60.00
mem_full_test,0,0,3389,RD,1,60.00
mem_full_test,0,0,3391,RD,1,60.00
mem_full_test,0,0,3393,RD,1,60.00
mem_full_test,0,0,3395,RD,1,60.00
mem_full_test,0,0,3397,RD,1,60.00
mem_full_test,0,0,3399,RD,1,60.00
mem_full_test,0,0,3401,RD,1,60.00
mem_full_test,0,0,3403,RD,1,60.00
mem_full_test,0,0,3405,RD,1,70.00
mem_full_test,0,0,3407,RD,1,60.00
mem_full_test,0,0,3409,RD,1,60.00
mem_full_test,0,0,3411,RD,1,60.00
mem_full_test,0,0,3413,RD,1,60.00
mem_full_test,0,0,3415,RD,1,60.00
mem_full_test,0,0,3417,RD,1,70.00
mem_full_test,0,0,3419,RD,1,60.00
mem_full_test,0,0,3421,RD,1,60.00
mem_full_test,0,0,3423,RD,1,60.00
mem_full_test,0,0,3425,RD,1,60.00
mem_full_test,0,0,3427,RD,1,60.00
mem_full_test,0,0,3429,RD,1,70.00
mem_full_test,0,0,3431,RD,1,60.00
mem_full_test,0,0,3433,RD,1,60.00
mem_full_test,0,0,3435,RD,1,60.00
mem_full_test,0,0,3437,RD,1,60.00
mem_full_test,0,0,3439,RD,1,60.00
mem_full_test,0,0,3441,RD,1,60.00
mem_full_test,0,0,3443,RD,1,60.00
mem_full_test,0,0,3445,RD,1,60.00
mem_full_test,0,0,3447,RD,1,60.00
mem_full_test,0,0,3449,RD,1,60.00
mem_full_test,0,0,3451,RD,1,60.00
mem_full_test,0,0,3453,RD,1,70.00
mem_full_test,0,0,3455,RD,1,60.00
mem_full_test,0,0,3457,RD,1,60.00
mem_full_test,0,0,3459,RD,1,60.00
mem_full_test,0,0,3461,RD,1,60.00
mem_full_test,0,0,3463,RD,1,70.00
mem_full_test,0,0,3465,RD,1,80.00
mem_full_test,0,0,3467,RD,1,60.00
mem_full_test,0,0,3469,RD,1,70.00
mem_full_test,0,0,3471,RD,1,60.00
mem_full_test,0,0,3473,RD,1,60.00
mem_full_test,0,0,3475,RD,1,60.00
mem_full_test,0,0,3477,RD,1,60.00
mem_full_test,0,0,3479,RD,1,60.00
mem_full_test,0,0,3481,RD,1,60.00
mem_full_test,0,0,3483,RD,1,60.00
mem_full_test,0,0,3485,RD,1,60.00
mem_full_test,0,0,3487,RD,1,60.00
mem_full_test,0,0,3489,RD,1,60.00
mem_full_test,0,0,3491,RD,1,60.00
mem_full_test,0,0,3493,RD,1,60.00
mem_full_test,0,0,3495,RD,1,70.00
mem_full_test,0,0,3497,RD,1,60.00
mem_full_test,0,0,3499,RD,1,60.00
mem_full_test,0,0,3501,RD,1,60.00
mem_full_test,0,0,3503,RD,1,60.00
mem_full_test,0,0,3505,RD,1,60.00
mem_full_test,0,0,3507,RD,1,70.00
mem_full_test,0,0,3509,RD,1,70.00
mem_full_test,0,0,3511,RD,1,70.00
mem_full_test,0,0,3513,RD,1,60.00
mem_full_test,0,0,3515,RD,1,60.00
mem_full_test,0,0,3517,RD,1,60.00
mem_full_test,0,0,3519,RD,1,60.00
mem_full_test,0,0,3521,RD,1,60.00
mem_full_test,0,0,3523,RD,1,70.00
mem_full_test,0,0,3525,RD,1,60.00
mem_full_test,0,0,3527,RD,1,60.00
mem_full_test,0,0,3529,RD,1,60.00
mem_full_test,0,0,3531,RD,1,60.00
mem_full_test,0,0,3533,RD,1,60.00
mem_full_test,0,0,3535,RD,1,60.00
mem_full_test,0,0,3537,RD,1,70.00
mem_full_test,0,0,3539,RD,1,70.00
mem_full_test,0,0,3541,RD,1,60.00
mem_full_test,0,0,3543,RD,1,60.00
mem_full_test,0,0,3545,RD,1,70.00
mem_full_test,0,0,3547,RD,1,60.00
mem_full_test,0,0,3549,RD,1,60.00
mem_full_test,0,0,3551,RD,1,60.00
mem_full_test,0,0,3553,RD,1,60.00
mem_full_test,0,0,3555,RD,1,60.00
mem_full_test,0,0,3557,RD,1,60.00
mem_full_test,0,0,3559,RD,1,60.00
mem_full_test,0,0,3561,RD,1,60.00
mem_full_test,0,0,3563,RD,1,60.00
mem_full_test,0,0,3565,RD,1,60.00
mem_full_test,0,0,3567,RD,1,70.00
mem_full_test,0,0,3569,RD,1,60.00
mem_full_test,0,0,3571,RD,1,60.00
mem_full_test,0,0,3573,RD,1,60.00
mem_full_test,0,0,3575,RD,1,70.00
mem_full_test,0,0,3577,RD,1,60.00
mem_full_test,0,0,3579,RD,1,60.00
mem_full_test,0,0,3581,RD,1,60.00
mem_full_test,0,0,3583,RD,1,60.00
mem_full_test,0,0,3585,RD,1,70.00
mem_full_test,0,0,3587,RD,1,70.00
mem_full_test,0,0,3589,RD,1,60.00
mem_full_test,0,0,3591,RD,1,60.00
mem_full_test,0,0,3593,RD,1,60.00
mem_full_test,0,0,3595,RD,1,60.00
mem_full_test,0,0,3597,RD,1,60.00
mem_full_test,0,0,3599,RD,1,70.00
mem_full_test,0,0,3601,RD,1,70.00
mem_full_test,0,0,3603,RD,1,60.00
mem_full_test,0,0,3605,RD,1,60.00
mem_full_test,0,0,3607,RD,1,60.00
mem_full_test,0,0,3609,RD,1,60.00
mem_full_test,0,0,3611,RD,1,60.00
mem_full_test,0,0,3613,RD,1,60.00
mem_full_test,0,0,3615,RD,1,60.00
mem_full_test,0,0,3617,RD,1,60.00
mem_full_test,0,0,3619,RD,1,60.00
mem_full_test,0,0,3621,RD,1,60.00
mem_full_test,0,0,3623,RD,1,70.00
mem_full_test,0,0,3625,RD,1,60.00
mem_full_test,0,0,3627,RD,1,60.00
mem_full_test,0,0,3629,RD,1,60.00
mem_full_test,0,0,3631,RD,1,60.00
mem_full_test,0,0,3633,RD,1,60.00
mem_full_test,0,0,3635,RD,1,60.00
mem_full_test,0,0,3637,RD,1,70.00
mem_full_test,0,0,3639,RD,1,60.00
mem_full_test,0,0,3641,RD,1,60.00
mem_full_test,0,0,3643,RD,1,60.00
mem_full_test,0,0,3645,RD,1,60.00
mem_full_test,0,0,3647,RD,1,60.00
mem_full_test,0,0,3649,RD,1,60.00
mem_full_test,0,0,3651,RD,1,60.00
mem_full_test,0,0,3653,RD,1,60.00
mem_full_test,0,0,3655,RD,1,70.00
mem_full_test,0,0,3657,RD,1,60.00
mem_full_test,0,0,3659,RD,1,70.00
mem_full_test,0,0,3661,RD,1,60.00
mem_full_test,0,0,3663,RD,1,70.00
mem_full_test,0,0,3665,RD,1,60.00
mem_full_test,0,0,3667,RD,1,60.00
mem_full_test,0,0,3669,RD,1,60.00
mem_full_test,0,0,3671,RD,1,60.00
mem_full_test,0,0,3673,RD,1,60.00
mem_full_test,0,0,3675,RD,1,60.00
mem_full_test,0,0,3677,RD,1,60.00
mem_full_test,0,0,3679,RD,1,60.00
mem_full_test,0,0,3681,RD,1,60.00
mem_full_test,0,0,3683,RD,1,70.00
mem_full_test,0,0,3685,RD,1,60.00
mem_full_test,0,0,3687,RD,1,60.00
mem_full_test,0,0,3689,RD,1,60.00
mem_full_test,0,0,3691,RD,1,60.00
mem_full_test,0,0,3693,RD,1,60.00
mem_full_test,0,0,3695,RD,1,60.00
mem_full_test,0,0,3697,RD,1,60.00
mem_full_test,0,0,3699,RD,1,60.00
mem_full_test,0,0,3701,RD,1,60.00
mem_full_test,0,0,3703,RD,1,60.00
mem_full_test,0,0,3705,RD,1,60.00
mem_full_test,0,0,3707,RD,1,70.00
mem_full_test,0,0,3709,RD,1,70.00
mem_full_test,0,0,3711,RD,1,80.00
mem_full_test,0,0,3713,RD,1,70.00
mem_full_test,0,0,3715,RD,1,60.00
mem_full_test,0,0,3717,RD,1,60.00
mem_full_test,0,0,3719,RD,1,60.00
mem_full_test,0,0,3721,RD,1,60.00
mem_full_test,0,0,3723,RD,1,60.00
mem_full_test,0,0,3725,RD,1,60.00
mem_full_test,0,0,3727,RD,1,60.00
mem_full_test,0,0,3729,RD,1,70.00
mem_full_test,0,0,3731,RD,1,60.00
mem_full_test,0,0,3733,RD,1,60.00
mem_full_test,0,0,3735,RD,1,60.00
mem_full_test,0,0,3737,RD,1,60.00
mem_full_test,0,0,3739,RD,1,60.00
mem_full_test,0,0,3741,RD,1,60.00
mem_full_test,0,0,3743,RD,1,60.00
mem_full_test,0,0,3745,RD,1,60.00
mem_full_test,0,0,3747,RD,1,60.00
mem_full_test,0,0,3749,RD,1,60.00
mem_full_test,0,0,3751,RD,1,60.00
mem_full_test,0,0,3753,RD,1,60.00
mem_full_test,0,0,3755,RD,1,60.00
mem_full_test,0,0,3757,RD,1,70.00
mem_full_test,0,0,3759,RD,1,60.00
mem_full_test,0,0,3761,RD,1,60.00
mem_full_test,0,0,3763,RD,1,60.00
mem_full_test,0,0,3765,RD,1,60.00
mem_full_test,0,0,3767,RD,1,60.00
mem_full_test,0,0,3769,RD,1,70.00
mem_full_test,0,0,3771,RD,1,60.00
mem_full_test,0,0,3773,RD,1,60.00
mem_full_test,0,0,3775,RD,2,60.00
mem_full_test,0,0,3777,RD,2,60.00
mem_full_test,0,0,3779,RD,2,70.00
mem_full_test,0,0,3781,RD,2,70.00
mem_full_test,0,0,3783,RD,2,60.00
mem_full_test,0,0,3785,RD,2,60.00
mem_full_test,0,0,3787,RD,2,60.00
mem_full_test,0,0,3789,RD,2,60.00
mem_full_test,0,0,3791,RD,2,60.00
mem_full_test,0,0,3793,RD,2,60.00
mem_full_test,0,0,3795,RD,2,60.00
mem_full_test,0,0,3797,RD,2,60.00
mem_full_test,0,0,3799,RD,2,60.00
mem_full_test,0,0,3801,RD,2,60.00
mem_full_test,0,0,3803,RD,2,60.00
mem_full_test,0,0,3805,RD,2,70.00
mem_full_test,0,0,3807,RD,2,70.00
mem_full_test,0,0,3809,RD,2,70.00
mem_full_test,0,0,3811,RD,2,60.00
mem_full_test,0,0,3813,RD,2,70.00
mem_full_test,0,0,3815,RD,2,60.00
mem_full_test,0,0,3817,RD,2,60.00
mem_full_test,0,0,3819,RD,2,70.00
mem_full_test,0,0,3821,RD,2,80.00
mem_full_test,0,0,3823,RD,2,90.00
mem_full_test,0,0,3825,RD,2,80.00
mem_full_test,0,0,3827,RD,2,60.00
mem_full_test,0,0,3829,RD,2,60.00
mem_full_test,0,0,3831,RD,2,60.00
mem_full_test,0,0,3833,RD,2,60.00
mem_full_test,0,0,3835,RD,2,60.00
mem_full_test,0,0,3837,RD,2,60.00
mem_full_test,0,0,3839,RD,2,60.00
mem_full_test,0,0,3841,RD,2,60.00
mem_full_test,0,0,3843,RD,2,60.00
mem_full_test,0,0,3845,RD,2,60.00
mem_full_test,0,0,3847,RD,2,70.00
mem_full_test,0,0,3849,RD,2,60.00
mem_full_test,0,0,3851,RD,2,60.00
mem_full_test,0,0,3853,RD,2,60.00
mem_full_test,0,0,3855,RD,2,60.00
mem_full_test,0,0,3857,RD,2,60.00
mem_full_test,0,0,3859,RD,2,60.00
mem_full_test,0,0,3861,RD,2,60.00
mem_full_test,0,0,3863,RD,2,70.00
mem_full_test,0,0,3865,RD,2,60.00
mem_full_test,0,0,3867,RD,2,70.00
mem_full_test,0,0,3869,RD,2,60.00
mem_full_test,0,0,3871,RD,2,70.00
mem_full_test,0,0,3873,RD,2,60.00
mem_full_test,0,0,3875,RD,2,70.00
mem_full_test,0,0,3877,RD,2,70.00
mem_full_test,0,0,3879,RD,2,60.00
mem_full_test,0,0,3881,RD,2,70.00
mem_full_test,0,0,3883,RD,2,60.00
mem_full_test,0,0,3885,RD,2,60.00
mem_full_test,0,0,3887,RD,2,60.00
mem_full_test,0,0,3889,RD,2,60.00
mem_full_test,0,0,3891,RD,2,60.00
mem_full_test,0,0,3893,RD,2,60.00
mem_full_test,0,0,3895,RD,2,60.00
mem_full_test,0,0,3897,RD,2,60.00
mem_full_test,0,0,3899,RD,2,60.00
mem_full_test,0,0,3901,RD,2,60.00
mem_full_test,0,0,3903,RD,2,60.00
mem_full_test,0,0,3905,RD,2,60.00
mem_full_test,0,0,3907,RD,2,60.00
mem_full_test,0,0,3909,RD,2,60.00
mem_full_test,0,0,3911,RD,2,70.00
mem_full_test,0,0,3913,RD,2,60.00
mem_full_test,0,0,3915,RD,2,60.00
mem_full_test,0,0,3917,RD,2,60.00
mem_full_test,0,0,3919,RD,2,60.00
mem_full_test,0,0,3921,RD,2,60.00
mem_full_test,0,0,3923,RD,2,60.00
mem_full_test,0,0,3925,RD,2,60.00
mem_full_test,0,0,3927,RD,2,60.00
mem_full_test,0,0,3929,RD,2,60.00
mem_full_test,0,0,3931,RD,2,60.00
mem_full_test,0,0,3933,RD,2,60.00
mem_full_test,0,0,3935,RD,2,60.00
mem_full_test,0,0,3937,RD,2,60.00
mem_full_test,0,0,3939,RD,2,60.00
mem_full_test,0,0,3941,RD,2,60.00
mem_full_test,0,0,3943,RD,2,60.00
mem_full_test,0,0,3945,RD,2,60.00
mem_full_test,0,0,3947,RD,2,70.00
mem_full_test,0,0,3949,RD,2,80.00
mem_full_test,0,0,3951,RD,2,90.00
mem_full_test,0,0,3953,RD,2,80.00
mem_full_test,0,0,3955,RD,2,90.00
mem_full_test,0,0,3957,RD,2,80.00
mem_full_test,0,0,3959,RD,2,60.00
mem_full_test,0,0,3961,RD,2,60.00
mem_full_test,0,0,3963,RD,2,60.00
mem_full_test,0,0,3965,RD,2,60.00
mem_full_test,0,0,3967,RD,2,60.00
mem_full_test,0,0,3969,RD,2,60.00
mem_full_test,0,0,3971,RD,2,60.00
mem_full_test,0,0,3973,RD,2,60.00
mem_full_test,0,0,3975,RD,2,70.00
mem_full_test,0,0,3977,RD,2,60.00
mem_full_test,0,0,3979,RD,2,60.00
mem_full_test,0,0,3981,RD,2,60.00
mem_full_test,0,0,3983,RD,2,70.00
mem_full_test,0,0,3985,RD,2,60.00
mem_full_test,0,0,3987,RD,2,60.00
mem_full_test,0,0,3989,RD,2,70.00
mem_full_test,0,0,3991,RD,2,60.00
mem_full_test,0,0,3993,RD,2,60.00
mem_full_test,0,0,3995,RD,2,60.00
mem_full_test,0,0,3997,RD,2,60.00
mem_full_test,0,0,3999,RD,2,60.00
mem_full_test,0,0,4001,RD,2,60.00
mem_full_test,0,0,4003,RD,2,60.00
mem_full_test,0,0,4005,RD,2,60.00
mem_full_test,0,0,4007,RD,2,60.00
mem_full_test,0,0,4009,RD,2,60.00
mem_full_test,0,0,4011,RD,2,60.00
mem_full_test,0,0,4013,RD,2,70.00
mem_full_test,0,0,4015,RD,2,60.00
mem_full_test,0,0,4017,RD,2,70.00
mem_full_test,0,0,4019,RD,2,70.00
mem_full_test,0,0,4021,RD,2,70.00
mem_full_test,0,0,4023,RD,2,60.00
mem_full_test,0,0,4025,RD,2,60.00
mem_full_test,0,0,4027,RD,2,60.00
mem_full_test,0,0,4029,RD,2,60.00
mem_full_test,0,0,4031,RD,2,60.00
mem_full_test,0,0,4033,RD,2,70.00
mem_full_test,0,0,4035,RD,2,60.00
mem_full_test,0,0,4037,RD,2,60.00
mem_full_test,0,0,4039,RD,2,70.00
mem_full_test,0,0,4041,RD,2,60.00
mem_full_test,0,0,4043,RD,2,70.00
mem_full_test,0,0,4045,RD,2,70.00
mem_full_test,0,0,4047,RD,2,70.00
mem_full_test,0,0,4049,RD,2,80.00
mem_full_test,0,0,4051,RD,2,80.00
mem_full_test,0,0,4053,RD,2,60.00
mem_full_test,0,0,4055,RD,2,60.00
mem_full_test,0,0,4057,RD,2,70.00
mem_full_test,0,0,4059,RD,2,60.00
mem_full_test,0,0,4061,RD,2,60.00
mem_full_test,0,0,4063,RD,2,60.00
mem_full_test,0,0,4065,RD,2,60.00
mem_full_test,0,0,4067,RD,2,60.00
mem_full_test,0,0,4069,RD,2,60.00
mem_full_test,0,0,4071,RD,2,70.00
mem_full_test,0,0,4073,RD,2,60.00
mem_full_test,0,0,4075,RD,2,60.00
mem_full_test,0,0,4077,RD,2,60.00
mem_full_test,0,0,4079,RD,2,60.00
mem_full_test,0,0,4081,RD,2,60.00
mem_full_test,0,0,4083,RD,2,60.00
mem_full_test,0,0,4085,RD,2,60.00
mem_full_test,0,0,4087,RD,2,60.00
mem_full_test,0,0,4089,RD,2,60.00
mem_full_test,0,0,4091,RD,2,60.00
mem_full_test,0,0,4093,RD,2,60.00
mem_full_test,0,0,4095,RD,2,60.00
mem_full_test,0,0,4097,RD,2,60.00
mem_full_test,0,0,4099,RD,2,60.00
mem_full_test,0,0,4101,RD,2,60.00
mem_full_test,0,0,4103,RD,2,60.00
mem_full_test,0,0,4105,RD,2,60.00
mem_full_test,0,0,4107,RD,2,70.00
mem_full_test,0,0,4109,RD,2,60.00
mem_full_test,0,0,4111,RD,2,60.00
mem_full_test,0,0,4113,RD,2,60.00
mem_full_test,0,0,4115,RD,2,70.00
mem_full_test,0,0,4117,RD,2,80.00
mem_full_test,0,0,4119,RD,2,60.00
mem_full_test,0,0,4121,RD,2,60.00
mem_full_test,0,0,4123,RD,2,60.00
mem_full_test,0,0,4125,RD,2,60.00
mem_full_test,0,0,4127,RD,2,60.00
mem_full_test,0,0,4129,RD,2,70.00
mem_full_test,0,0,4131,RD,2,60.00
mem_full_test,0,0,4133,RD,2,70.00
mem_full_test,0,0,4135,RD,2,60.00
mem_full_test,0,0,4137,RD,2,60.00
mem_full_test,0,0,4139,RD,2,60.00
mem_full_test,0,0,4141,RD,2,60.00
mem_full_test,0,0,4143,RD,2,60.00
mem_full_test,0,0,4145,RD,2,60.00
mem_full_test,0,0,4147,RD,2,70.00
mem_full_test,0,0,4149,RD,2,60.00
mem_full_test,0,0,4151,RD,2,60.00
mem_full_test,0,0,4153,RD,2,60.00
mem_full_test,0,0,4155,RD,2,60.00
mem_full_test,0,0,4157,RD,2,60.00
mem_full_test,0,0,4159,RD,3,60.00
mem_full_test,0,0,4161,RD,3,60.00
mem_full_test,0,0,4163,RD,3,60.00
mem_full_test,0,0,4165,RD,3,60.00
mem_full_test,0,0,4167,RD,3,60.00
mem_full_test,0,0,4169,RD,3,60.00
mem_full_test,0,0,4171,RD,3,70.00
mem_full_test,0,0,4173,RD,3,60.00
mem_full_test,0,0,4175,RD,3,60.00
mem_full_test,0,0,4177,RD,3,70.00
mem_full_test,0,0,4179,RD,3,70.00
mem_full_test,0,0,4181,RD,3,60.00
mem_full_test,0,0,4183,RD,3,60.00
mem_full_test,0,0,4185,RD,3,60.00
mem_full_test,0,0,4187,RD,3,60.00
mem_full_test,0,0,4189,RD,3,70.00
mem_full_test,0,0,4191,RD,3,60.00
mem_full_test,0,0,4193,RD,3,60.00
mem_full_test,0,0,4195,RD,3,60.00
mem_full_test,0,0,4197,RD,3,60.00
mem_full_test,0,0,4199,RD,3,60.00
mem_full_test,0,0,4201,RD,3,70.00
mem_full_test,0,0,4203,RD,3,80.00
mem_full_test,0,0,4205,RD,3,70.00
mem_full_test,0,0,4207,RD,3,60.00
mem_full_test,0,0,4209,RD,3,60.00
mem_full_test,0,0,4211,RD,3,60.00
mem_full_test,0,0,4213,RD,3,60.00
mem_full_test,0,0,4215,RD,3,60.00
mem_full_test,0,0,4217,RD,3,70.00
mem_full_test,0,0,4219,RD,3,60.00
mem_full_test,0,0,4221,RD,3,60.00
mem_full_test,0,0,4223,RD,3,60.00
mem_full_test,0,0,4225,RD,3,70.00
mem_full_test,0,0,4227,RD,3,70.00
mem_full_test,0,0,4229,RD,3,60.00
mem_full_test,0,0,4231,RD,3,60.00
mem_full_test,0,0,4233,RD,3,70.00
mem_full_test,0,0,4235,RD,3,70.00
mem_full_test,0,0,4237,RD,3,60.00
mem_full_test,0,0,4239,RD,3,60.00
mem_full_test,0,0,4241,RD,3,60.00
mem_full_test,0,0,4243,RD,3,60.00
mem_full_test,0,0,4245,RD,3,60.00
mem_full_test,0,0,4247,RD,3,60.00
mem_full_test,0,0,4249,RD,3,70.00
mem_full_test,0,0,4251,RD,3,60.00
mem_full_test,0,0,4253,RD,3,60.00
mem_full_test,0,0,4255,RD,3,60.00
mem_full_test,0,0,4257,RD,3,60.00
mem_full_test,0,0,4259,RD,3,60.00
mem_full_test,0,0,4261,RD,3,60.00
mem_full_test,0,0,4263,RD,3,60.00
mem_full_test,0,0,4265,RD,3,70.00
mem_full_test,0,0,4267,RD,3,60.00
mem_full_test,0,0,4269,RD,3,60.00
mem_full_test,0,0,4271,RD,3,60.00
mem_full_test,0,0,4273,RD,3,60.00
mem_full_test,0,0,4275,RD,3,60.00
mem_full_test,0,0,4277,RD,3,60.00
mem_full_test,0,0,4279,RD,3,60.00
mem_full_test,0,0,4281,RD,3,60.00
mem_full_test,0,0,4283,RD,3,60.00
mem_full_test,0,0,4285,RD,3,60.00
mem_full_test,0,0,4287,RD,3,60.00
mem_full_test,0,0,4289,RD,3,60.00
mem_full_test,0,0,4291,RD,3,70.00
mem_full_test,0,0,4293,RD,3,60.00
mem_full_test,0,0,4295,RD,3,60.00
mem_full_test,0,0,4297,RD,3,70.00
mem_full_test,0,0,4299,RD,3,60.00
mem_full_test,0,0,4301,RD,3,70.00
mem_full_test,0,0,4303,RD,3,80.00
mem_full_test,0,0,4305,RD,3,60.00
mem_full_test,0,0,4307,RD,3,60.00
mem_full_test,0,0,4309,RD,3,70.00
mem_full_test,0,0,4311,RD,3,60.00
mem_full_test,0,0,4313,RD,3,60.00
mem_full_test,0,0,4315,RD,3,70.00
mem_full_test,0,0,4317,RD,3,70.00
mem_full_test,0,0,4319,RD,3,60.00
mem_full_test,0,0,4321,RD,3,60.00
mem_full_test,0,0,4323,RD,3,60.00
mem_full_test,0,0,4325,RD,3,70.00
mem_full_test,0,0,4327,RD,3,80.00
mem_full_test,0,0,4329,RD,3,90.00
mem_full_test,0,0,4331,RD,3,60.00
mem_full_test,0,0,4333,RD,3,60.00
mem_full_test,0,0,4335,RD,3,70.00
mem_full_test,0,0,4337,RD,3,80.00
mem_full_test,0,0,4339,RD,3,80.00
mem_full_test,0,0,4341,RD,3,60.00
mem_full_test,0,0,4343,RD,3,60.00
mem_full_test,0,0,4345,RD,3,60.00
mem_full_test,0,0,4347,RD,3,60.00
mem_full_test,0,0,4349,RD,3,60.00
mem_full_test,0,0,4351,RD,3,60.00
mem_full_test,0,0,4353,RD,3,60.00
mem_full_test,0,0,4355,RD,3,60.00
mem_full_test,0,0,4357,RD,3,60.00
mem_full_test,0,0,4359,RD,3,60.00
mem_full_test,0,0,4361,RD,3,70.00
mem_full_test,0,0,4363,RD,3,70.00
mem_full_test,0,0,4365,RD,3,80.00
mem_full_test,0,0,4367,RD,3,80.00
mem_full_test,0,0,4369,RD,3,60.00
mem_full_test,0,0,4371,RD,3,60.00
mem_full_test,0,0,4373,RD,3,60.00
mem_full_test,0,0,4375,RD,3,60.00
mem_full_test,0,0,4377,RD,3,60.00
mem_full_test,0,0,4379,RD,3,60.00
mem_full_test,0,0,4381,RD,3,60.00
mem_full_test,0,0,4383,RD,3,60.00
mem_full_test,0,0,4385,RD,3,60.00
mem_full_test,0,0,4387,RD,3,60.00
mem_full_test,0,0,4389,RD,3,60.00
mem_full_test,0,0,4391,RD,3,60.00
mem_full_test,0,0,4393,RD,3,60.00
mem_full_test,0,0,4395,RD,3,60.00
mem_full_test,0,0,4397,RD,3,60.00
mem_full_test,0,0,4399,RD,3,60.00
mem_full_test,0,0,4401,RD,3,70.00
mem_full_test,0,0,4403,RD,3,60.00
mem_full_test,0,0,4405,RD,3,60.00
mem_full_test,0,0,4407,RD,3,60.00
mem_full_test,0,0,4409,RD,3,60.00
mem_full_test,0,0,4411,RD,3,60.00
mem_full_test,0,0,4413,RD,3,70.00
mem_full_test,0,0,4415,RD,3,70.00
mem_full_test,0,0,4417,RD,3,80.00
mem_full_test,0,0,4419,RD,3,60.00
mem_full_test,0,0,4421,RD,3,60.00
mem_full_test,0,0,4423,RD,3,60.00
mem_full_test,0,0,4425,RD,3,60.00
mem_full_test,0,0,4427,RD,3,60.00
mem_full_test,0,0,4429,RD,3,60.00
mem_full_test,0,0,4431,RD,3,70.00
mem_full_test,0,0,4433,RD,3,60.00
mem_full_test,0,0,4435,RD,3,60.00
mem_full_test,0,0,4437,RD,3,60.00
mem_full_test,0,0,4439,RD,3,70.00
mem_full_test,0,0,4441,RD,3,80.00
mem_full_test,0,0,4443,RD,3,60.00
mem_full_test,0,0,4445,RD,3,70.00
mem_full_test,0,0,4447,RD,3,60.00
mem_full_test,0,0,4449,RD,3,70.00
mem_full_test,0,0,4451,RD,3,60.00
mem_full_test,0,0,4453,RD,3,60.00
mem_full_test,0,0,4455,RD,3,60.00
mem_full_test,0,0,4457,RD,3,60.00
mem_full_test,0,0,4459,RD,3,60.00
mem_full_test,0,0,4461,RD,3,60.00
mem_full_test,0,0,4463,RD,3,60.00
mem_full_test,0,0,4465,RD,3,60.00
mem_full_test,0,0,4467,RD,3,60.00
mem_full_test,0,0,4469,RD,3,60.00
mem_full_test,0,0,4471,RD,3,60.00
mem_full_test,0,0,4473,RD,3,60.00
mem_full_test,0,0,4475,RD,3,60.00
mem_full_test,0,0,4477,RD,3,60.00
mem_full_test,0,0,4479,RD,3,60.00
mem_full_test,0,0,4481,RD,3,70.00
mem_full_test,0,0,4483,RD,3,60.00
mem_full_test,0,0,4485,RD,3,60.00
mem_full_test,0,0,4487,RD,3,60.00
mem_full_test,0,0,4489,RD,3,60.00
mem_full_test,0,0,4491,RD,3,60.00
mem_full_test,0,0,4493,RD,3,60.00
mem_full_test,0,0,4495,RD,3,60.00
mem_full_test,0,0,4497,RD,3,60.00
mem_full_test,0,0,4499,RD,3,60.00
mem_full_test,0,0,4501,RD,3,60.00
mem_full_test,0,0,4503,RD,3,60.00
mem_full_test,0,0,4505,RD,3,60.00
mem_full_test,0,0,4507,RD,3,60.00
mem_full_test,0,0,4509,RD,3,60.00
mem_full_test,0,0,4511,RD,3,60.00
mem_full_test,0,0,4513,RD,3,60.00
mem_full_test,0,0,4515,RD,3,60.00
mem_full_test,0,0,4517,RD,3,60.00
mem_full_test,0,0,4519,RD,3,60.00
mem_full_test,0,0,4521,RD,3,60.00
mem_full_test,0,0,4523,RD,3,60.00
mem_full_test,0,0,4525,RD,3,70.00
mem_full_test,0,0,4527,RD,3,60.00
mem_full_test,0,0,4529,RD,3,70.00
mem_full_test,0,0,4531,RD,3,60.00
mem_full_test,0,0,4533,RD,3,70.00
mem_full_test,0,0,4535,RD,3,60.00
mem_full_test,0,0,4537,RD,3,60.00
mem_full_test,0,0,4539,RD,3,70.00
mem_full_test,0,0,4541,RD,3,70.00
mem_full_test,0,0,4543,RD,3,60.00
mem_full_test,0,0,4545,RD,3,60.00
mem_full_test,0,0,4547,RD,3,60.00
mem_full_test,0,0,4549,RD,3,70.00
mem_full_test,0,0,4551,RD,3,60.00
mem_full_test,0,0,4553,RD,3,60.00
mem_full_test,0,0,4555,RD,3,60.00
mem_full_test,0,0,4557,RD,3,60.00
mem_full_test,0,0,4559,RD,3,60.00
mem_full_test,0,0,4561,RD,3,70.00
mem_full_test,0,0,4563,RD,3,60.00
mem_full_test,0,0,4565,RD,3,60.00
mem_full_test,0,0,4567,RD,3,60.00
mem_full_test,0,0,4569,RD,3,60.00
mem_full_test,0,0,4571,RD,3,60.00
mem_full_test,0,0,4573,RD,3,60.00
mem_full_test,0,0,4575,RD,3,60.00
mem_full_test,0,0,4577,RD,3,60.00
mem_full_test,0,0,4579,RD,3,60.00
mem_full_test,0,0,4581,RD,3,60.00
mem_full_test,0,0,4583,RD,3,70.00
mem_full_test,0,0,4585,RD,3,60.00
mem_full_test,0,0,4587,RD,3,60.00
mem_full_test,0,0,4589,RD,3,70.00
mem_full_test,0,0,4591,RD,3,60.00
mem_full_test,0,0,4593,RD,3,70.00
mem_full_test,0,0,4595,RD,3,60.00
mem_full_test,0,0,4597,RD,3,60.00
mem_full_test,0,0,4599,RD,3,60.00
mem_full_test,0,0,4601,RD,3,60.00
mem_full_test,0,0,4603,RD,3,60.00
mem_full_test,0,0,4605,RD,3,60.00
mem_full_test,0,0,4607,RD,3,60.00
mem_full_test,0,0,4609,RD,3,60.00
mem_full_test,0,0,4611,RD,3,60.00
mem_full_test,0,0,4613,RD,3,60.00
mem_full_test,0,0,4615,RD,3,60.00
mem_full_test,0,0,4617,RD,3,60.00
mem_full_test,0,0,4619,RD,3,70.00
mem_full_test,0,0,4621,RD,3,60.00
mem_full_test,0,0,4623,RD,3,60.00
mem_full_test,0,0,4625,RD,3,70.00
mem_full_test,0,0,4627,RD,3,70.00
mem_full_test,0,0,4629,RD,3,60.00
mem_full_test,0,0,4631,RD,3,70.00
mem_full_test,0,0,4633,RD,3,60.00
mem_full_test,0,0,4635,RD,3,60.00
mem_full_test,0,0,4637,RD,3,60.00
mem_full_test,0,0,4639,RD,3,70.00
mem_full_test,0,0,4641,RD,3,60.00
mem_full_test,0,0,4643,RD,3,60.00
mem_full_test,0,0,4645,RD,3,60.00
mem_full_test,0,0,4647,RD,3,70.00
mem_full_test,0,0,4649,RD,3,60.00
mem_full_test,0,0,4651,RD,3,70.00
mem_full_test,0,0,4653,RD,3,60.00
mem_full_test,0,0,4655,RD,3,60.00
mem_full_test,0,0,4657,RD,3,60.00
mem_full_test,0,0,4659,RD,3,60.00
mem_full_test,0,0,4661,RD,3,60.00
mem_full_test,0,0,4663,RD,3,70.00
mem_full_test,0,0,4665,RD,3,60.00
mem_full_test,0,0,4667,RD,3,60.00
mem_full_test,0,0,4669,RD,3,60.00
mem_full_test,0,0,4671,RD,3,60.00
mem_full_test,0,0,4673,RD,3,70.00
mem_full_test,0,0,4675,RD,3,60.00
mem_full_test,0,0,4677,RD,3,60.00
mem_full_test,0,0,4679,RD,3,60.00
mem_full_test,0,0,4681,RD,3,60.00
mem_full_test,0,0,4683,RD,3,70.00
mem_full_test,0,0,4685,RD,3,60.00
mem_full_test,0,0,4687,RD,3,60.00
mem_full_test,0,0,4689,RD,3,70.00
mem_full_test,0,0,4691,RD,3,60.00
mem_full_test,0,0,4693,RD,3,70.00
mem_full_test,0,0,4695,RD,3,60.00
mem_full_test,0,0,4697,RD,3,70.00
mem_full_test,0,0,4699,RD,3,70.00
mem_full_test,0,0,4701,RD,3,60.00
mem_full_test,0,0,4703,RD,2,60.00
mem_full_test,0,0,4705,RD,3,60.00
mem_full_test,0,0,4707,RD,0,60.00
mem_full_test,0,0,4709,RD,3,60.00
mem_full_test,0,0,4711,RD,0,60.00
mem_full_test,0,0,4713,RD,3,60.00
mem_full_test,0,0,4715,RD,1,60.00
mem_full_test,0,0,4717,RD,1,60.00
mem_full_test,0,0,4719,RD,1,60.00
mem_full_test,0,0,4721,RD,2,60.00
mem_full_test,0,0,4723,RD,3,60.00
mem_full_test,0,0,4725,RD,3,60.00
mem_full_test,0,0,4727,RD,1,60.00
mem_full_test,0,0,4729,RD,2,60.00
mem_full_test,0,0,4731,RD,0,60.00
mem_full_test,0,0,4733,RD,3,60.00
mem_full_test,0,0,4735,RD,2,60.00
mem_full_test,0,0,4737,RD,3,60.00
mem_full_test,0,0,4739,RD,1,60.00
mem_full_test,0,0,4741,RD,3,60.00
mem_full_test,0,0,4743,RD,0,60.00
mem_full_test,0,0,4745,RD,0,60.00
mem_full_test,0,0,4747,RD,0,60.00
mem_full_test,0,0,4749,RD,2,60.00
mem_full_test,0,0,4751,RD,2,60.00
mem_full_test,0,0,4753,RD,1,60.00
mem_full_test,0,0,4755,RD,2,60.00
mem_full_test,0,0,4757,RD,0,60.00
mem_full_test,0,0,4759,RD,0,70.00
mem_full_test,0,0,4761,RD,2,60.00
mem_full_test,0,0,4763,RD,2,60.00
mem_full_test,0,0,4765,RD,3,60.00
mem_full_test,0,0,4767,RD,2,60.00
mem_full_test,0,0,4769,RD,3,60.00
mem_full_test,0,0,4771,RD,1,60.00
mem_full_test,0,0,4773,RD,1,70.00
mem_full_test,0,0,4775,RD,1,60.00
mem_full_test,0,0,4777,RD,0,60.00
mem_full_test,0,0,4779,RD,0,70.00
mem_full_test,0,0,4781,RD,2,60.00
mem_full_test,0,0,4783,RD,0,60.00
mem_full_test,0,0,4785,RD,0,60.00
mem_full_test,0,0,4787,RD,1,60.00
mem_full_test,0,0,4789,RD,3,60.00
mem_full_test,0,0,4791,RD,0,60.00
mem_full_test,0,0,4793,RD,2,60.00
mem_full_test,0,0,4795,RD,0,60.00
mem_full_test,0,0,4797,RD,2,60.00
mem_full_test,0,0,4799,RD,3,60.00
mem_full_test,0,0,4801,RD,2,60.00
mem_full_test,0,0,4803,RD,2,60.00
mem_full_test,0,0,4805,RD,0,60.00
mem_full_test,0,0,4807,RD,2,60.00
mem_full_test,0,0,4809,RD,3,60.00
mem_full_test,0,0,4811,RD,2,60.00
mem_full_test,0,0,4813,RD,3,60.00
mem_full_test,0,0,4815,RD,3,60.00
mem_full_test,0,0,4817,RD,2,60.00
mem_full_test,0,0,4819,RD,3,60.00
mem_full_test,0,0,4821,RD,3,60.00
mem_full_test,0,0,4823,RD,1,60.00
mem_full_test,0,0,4825,RD,3,60.00
mem_full_test,0,0,4827,RD,0,60.00
mem_full_test,0,0,4829,RD,0,60.00
mem_full_test,0,0,4831,RD,1,60.00
mem_full_test,0,0,4833,RD,0,60.00
mem_full_test,0,0,4835,RD,2,60.00
mem_full_test,0,0,4837,RD,0,60.00
mem_full_test,0,0,4839,RD,2,60.00
mem_full_test,0,0,4841,RD,3,60.00
mem_full_test,0,0,4843,RD,3,60.00
mem_full_test,0,0,4845,RD,3,70.00
mem_full_test,0,0,4847,RD,0,70.00
mem_full_test,0,0,4849,RD,1,60.00
mem_full_test,0,0,4851,RD,0,60.00
mem_full_test,0,0,4853,RD,3,60.00
mem_full_test,0,0,4855,RD,0,60.00
mem_full_test,0,0,4857,RD,1,60.00
mem_full_test,0,0,4859,RD,0,60.00
mem_full_test,0,0,4861,RD,2,60.00
mem_full_test,0,0,4863,RD,3,60.00
mem_full_test,0,0,4865,RD,2,60.00
mem_full_test,0,0,4867,RD,1,60.00
mem_full_test,0,0,4869,RD,3,60.00
mem_full_test,0,0,4871,RD,1,60.00
mem_full_test,0,0,4873,RD,1,60.00
mem_full_test,0,0,4875,RD,2,60.00
mem_full_test,0,0,4877,RD,2,60.00
mem_full_test,0,0,4879,RD,1,60.00
mem_full_test,0,0,4881,RD,1,60.00
mem_full_test,0,0,4883,RD,3,60.00
mem_full_test,0,0,4885,RD,1,60.00
mem_full_test,0,0,4887,RD,0,60.00
mem_full_test,0,0,4889,RD,0,60.00
mem_full_test,0,0,4891,RD,0,60.00
mem_full_test,0,0,4893,RD,2,60.00
mem_full_test,0,0,4895,RD,1,60.00
mem_full_test,0,0,4897,RD,1,60.00
mem_full_test,0,0,4899,RD,3,60.00
mem_full_test,0,0,4901,RD,2,60.00
mem_full_test,0,0,4903,RD,2,60.00
mem_full_test,0,0,4905,RD,3,60.00
mem_full_test,0,0,4907,RD,2,60.00
mem_full_test,0,0,4909,RD,2,60.00
mem_full_test,0,0,4911,RD,0,60.00
mem_full_test,0,0,4913,RD,3,60.00
mem_full_test,0,0,4915,RD,1,60.00
mem_full_test,0,0,4917,RD,0,60.00
mem_full_test,0,0,4919,RD,2,60.00
mem_full_test,0,0,4921,RD,1,60.00
mem_full_test,0,0,4923,RD,0,60.00
mem_full_test,0,0,4925,RD,1,60.00
mem_full_test,0,0,4927,RD,2,60.00
mem_full_test,0,0,4929,RD,3,60.00
mem_full_test,0,0,4931,RD,1,60.00
mem_full_test,0,0,4933,RD,2,60.00
mem_full_test,0,0,4935,RD,2,70.00
mem_full_test,0,0,4937,RD,1,60.00
mem_full_test,0,0,4939,RD,3,60.00
mem_full_test,0,0,4941,RD,1,60.00
mem_full_test,0,0,4943,RD,0,60.00
mem_full_test,0,0,4945,RD,1,60.00
mem_full_test,0,0,4947,RD,0,60.00
mem_full_test,0,0,4949,RD,1,60.00
mem_full_test,0,0,4951,RD,2,60.00
mem_full_test,0,0,4953,RD,3,60.00
mem_full_test,0,0,4955,RD,3,60.00
mem_full_test,0,0,4957,RD,1,60.00
mem_full_test,0,0,4959,RD,1,60.00
mem_full_test,0,0,4961,RD,2,60.00
mem_full_test,0,0,4963,RD,2,60.00
mem_full_test,0,0,4965,RD,0,60.00
mem_full_test,0,0,4967,RD,0,60.00
mem_full_test,0,0,4969,RD,2,60.00
mem_full_test,0,0,4971,RD,3,60.00
mem_full_test,0,0,4973,RD,1,60.00
mem_full_test,0,0,4975,RD,2,60.00
mem_full_test,0,0,4977,RD,2,60.00
mem_full_test,0,0,4979,RD,1,60.00
mem_full_test,0,0,4981,RD,0,60.00
mem_full_test,0,0,4983,RD,3,60.00
mem_full_test,0,0,4985,RD,2,60.00
mem_full_test,0,0,4987,RD,3,60.00
mem_full_test,0,0,4989,RD,1,60.00
mem_full_test,0,0,4991,RD,3,60.00
mem_full_test,0,0,4993,RD,3,60.00
mem_full_test,0,0,4995,RD,1,60.00
mem_full_test,0,0,4997,RD,3,60.00
mem_full_test,0,0,4999,RD,0,60.00
mem_full_test,0,0,5001,RD,1,60.00
mem_full_test,0,0,5003,RD,0,60.00
mem_full_test,0,0,5005,RD,0,60.00
mem_full_test,0,0,5007,RD,3,60.00
mem_full_test,0,0,5009,RD,3,60.00
mem_full_test,0,0,5011,RD,2,60.00
mem_full_test,0,0,5013,RD,1,60.00
mem_full_test,0,0,5015,RD,3,60.00
mem_full_test,0,0,5017,RD,2,60.00
mem_full_test,0,0,5019,RD,0,60.00
mem_full_test,0,0,5021,RD,1,60.00
mem_full_test,0,0,5023,RD,1,70.00
mem_full_test,0,0,5025,RD,0,60.00
mem_full_test,0,0,5027,RD,0,60.00
mem_full_test,0,0,5029,RD,2,60.00
mem_full_test,0,0,5031,RD,3,60.00
mem_full_test,0,0,5033,RD,2,60.00
mem_full_test,0,0,5035,RD,1,60.00
mem_full_test,0,0,5037,RD,1,70.00
mem_full_test,0,0,5039,RD,3,60.00
mem_full_test,0,0,5041,RD,3,60.00
mem_full_test,0,0,5043,RD,2,60.00
mem_full_test,0,0,5045,RD,0,60.00
mem_full_test,0,0,5047,RD,3,60.00
mem_full_test,0,0,5049,RD,0,60.00
mem_full_test,0,0,5051,RD,3,60.00
mem_full_test,0,0,5053,RD,0,60.00
mem_full_test,0,0,5055,RD,1,60.00
mem_full_test,0,0,5057,RD,2,60.00
mem_full_test,0,0,5059,RD,3,60.00
mem_full_test,0,0,5061,RD,2,60.00
mem_full_test,0,0,5063,RD,3,60.00
mem_full_test,0,0,5065,RD,0,60.00
mem_full_test,0,0,5067,RD,2,60.00
mem_full_test,0,0,5069,RD,2,60.00
mem_full_test,0,0,5071,RD,3,60.00
mem_full_test,0,0,5073,RD,1,60.00
mem_full_test,0,0,5075,RD,0,60.00
mem_full_test,0,0,5077,RD,0,60.00
mem_full_test,0,0,5079,RD,0,60.00
mem_full_test,0,0,5081,RD,3,60.00
mem_full_test,0,0,5083,RD,1,60.00
mem_full_test,0,0,5085,RD,3,60.00
mem_full_test,0,0,5087,RD,2,60.00
mem_full_test,0,0,5089,RD,3,60.00
mem_full_test,0,0,5091,RD,1,60.00
mem_full_test,0,0,5093,RD,3,60.00
mem_full_test,0,0,5095,RD,3,60.00
mem_full_test,0,0,5097,RD,0,60.00
mem_full_test,0,0,5099,RD,3,60.00
mem_full_test,0,0,5101,RD,0,60.00
mem_full_test,0,0,5103,RD,0,60.00
mem_full_test,0,0,5105,RD,1,60.00
mem_full_test,0,0,5107,RD,1,60.00
mem_full_test,0,0,5109,RD,2,60.00
mem_full_test,0,0,5111,RD,1,60.00
mem_full_test,0,0,5113,RD,3,60.00
mem_full_test,0,0,5115,RD,2,60.00
mem_full_test,0,0,5117,RD,2,60.00
mem_full_test,0,0,5119,RD,1,60.00
mem_full_test,0,0,5121,RD,1,60.00
mem_full_test,0,0,5123,RD,3,60.00
mem_full_test,0,0,5125,RD,0,60.00
mem_full_test,0,0,5127,RD,2,60.00
mem_full_test,0,0,5129,RD,2,60.00
mem_full_test,0,0,5131,RD,0,60.00
mem_full_test,0,0,5133,RD,2,60.00
mem_full_test,0,0,5135,RD,1,60.00
mem_full_test,0,0,5137,RD,0,60.00
mem_full_test,0,0,5139,RD,2,60.00
mem_full_test,0,0,5141,RD,3,60.00
mem_full_test,0,0,5143,RD,0,60.00
mem_full_test,0,0,5145,RD,3,60.00
mem_full_test,0,0,5147,RD,1,60.00
mem_full_test,0,0,5149,RD,2,60.00
mem_full_test,0,0,5151,RD,3,60.00
mem_full_test,0,0,5153,RD,0,60.00
mem_full_test,0,0,5155,RD,3,60.00
mem_full_test,0,0,5157,RD,1,60.00
mem_full_test,0,0,5159,RD,3,60.00
mem_full_test,0,0,5161,RD,3,60.00
mem_full_test,0,0,5163,RD,3,60.00
mem_full_test,0,0,5165,RD,3,70.00
mem_full_test,0,0,5167,RD,2,60.00
mem_full_test,0,0,5169,RD,3,60.00
mem_full_test,0,0,5171,RD,3,60.00
mem_full_test,0,0,5173,RD,2,60.00
mem_full_test,0,0,5175,RD,0,60.00
mem_full_test,0,0,5177,RD,1,60.00
mem_full_test,0,0,5179,RD,1,70.00
mem_full_test,0,0,5181,RD,1,80.00
mem_full_test,0,0,5183,RD,0,80.00
mem_full_test,0,0,5185,RD,3,60.00
mem_full_test,0,0,5187,RD,1,60.00
mem_full_test,0,0,5189,RD,3,60.00
mem_full_test,0,0,5191,RD,3,70.00
mem_full_test,0,0,5193,RD,2,60.00
mem_full_test,0,0,5195,RD,0,60.00
mem_full_test,0,0,5197,RD,3,60.00
mem_full_test,0,0,5199,RD,1,60.00
mem_full_test,0,0,5201,RD,0,1920.00
mem_full_test,0,0,5203,RD,1,1910.00
mem_full_test,0,0,5205,RD,2,1890.00
mem_full_test,0,0,5207,RD,3,1940.00
mem_full_test,0,0,5209,RD,0,1950.00
mem_full_test,0,0,5211,RD,1,1990.00
mem_full_test,0,0,5213,RD,2,1980.00
mem_full_test,0,0,5215,RD,3,2000.00
mem_full_test,0,0,5217,RD,0,2010.00
mem_full_test,0,0,5219,RD,1,2010.00
mem_full_test,0,0,5221,RD,2,2010.00
mem_full_test,0,0,5223,RD,3,2000.00
mem_full_test,0,0,5225,RD,0,1970.00
mem_full_test,0,0,5227,RD,1,1940.00
mem_full_test,0,0,5229,RD,2,1950.00
mem_full_test,0,0,5231,RD,3,1940.00
mem_full_test,0,0,5233,RD,0,1930.00
mem_full_test,0,0,5235,RD,1,1930.00
mem_full_test,0,0,5237,RD,2,1970.00
mem_full_test,0,0,5239,RD,3,1960.00
mem_full_test,0,0,5241,RD,0,1990.00
mem_full_test,0,0,5243,RD,1,1950.00
mem_full_test,0,0,5245,RD,2,2000.00
mem_full_test,0,0,5247,RD,3,2000.00
mem_full_test,0,0,5249,RD,0,1980.00
mem_full_test,0,0,5251,RD,1,2030.00
mem_full_test,0,0,5253,RD,2,2080.00
mem_full_test,0,0,5255,RD,3,2090.00
mem_full_test,0,0,5257,RD,0,2100.00
mem_full_test,0,0,5259,RD,1,2070.00
mem_full_test,0,0,5261,RD,2,2030.00
mem_full_test,0,0,5263,RD,3,2060.00
mem_full_test,0,0,5265,RD,0,2050.00
mem_full_test,0,0,5267,RD,1,2010.00
mem_full_test,0,0,5269,RD,2,2040.00
mem_full_test,0,0,5271,RD,3,2040.00
mem_full_test,0,0,5273,RD,0,2010.00
mem_full_test,0,0,5275,RD,1,1990.00
mem_full_test,0,0,5277,RD,2,2000.00
mem_full_test,0,0,5279,RD,3,1980.00
mem_full_test,0,0,5281,RD,0,2020.00
mem_full_test,0,0,5283,RD,1,1990.00
mem_full_test,0,0,5285,RD,2,2000.00
mem_full_test,0,0,5287,RD,3,2010.00
mem_full_test,0,0,5289,RD,0,1980.00
mem_full_test,0,0,5291,RD,1,1980.00
mem_full_test,0,0,5293,RD,2,1970.00
mem_full_test,0,0,5295,RD,3,1970.00
mem_full_test,0,0,5297,RD,0,1920.00
mem_full_test,0,0,5299,RD,1,1890.00
mem_full_test,0,0,5301,RD,2,1930.00
mem_full_test,0,0,5303,RD,3,1910.00
mem_full_test,0,0,5305,RD,0,1900.00
mem_full_test,0,0,5307,RD,1,1930.00
mem_full_test,0,0,5309,RD,2,1920.00
mem_full_test,0,0,5311,RD,3,1880.00
mem_full_test,0,0,5313,RD,0,1900.00
mem_full_test,0,0,5315,RD,1,1940.00
mem_full_test,0,0,5317,RD,2,1930.00
mem_full_test,0,0,5319,RD,3,1940.00
mem_full_test,0,0,5321,RD,0,1960.00
mem_full_test,0,0,5323,RD,1,2000.00
mem_full_test,0,0,5325,RD,2,1960.00
mem_full_test,0,0,5327,RD,3,1970.00
mem_full_test,0,0,5329,RD,0,1990.00
mem_full_test,0,0,5331,RD,1,1990.00
mem_full_test,0,0,5333,RD,2,1980.00
mem_full_test,0,0,5335,RD,3,2010.00
mem_full_test,0,0,5337,RD,0,2050.00
mem_full_test,0,0,5339,RD,1,2010.00
mem_full_test,0,0,5341,RD,2,2010.00
mem_full_test,0,0,5343,RD,3,2050.00
mem_full_test,0,0,5345,RD,0,2040.00
mem_full_test,0,0,5347,RD,1,2070.00
mem_full_test,0,0,5349,RD,2,2100.00
mem_full_test,0,0,5351,RD,3,2080.00
